student_id,topic,subject,attempt_number,difficulty,current_mastery,recent_accuracy,avg_time_this_student,time_taken_seconds,is_correct,anomaly_score,is_anomaly,anomaly_reason
1,quadratic equations,math,1,0.4,0.3,,,45,1,-0.06675939553390287,True,correct despite low current mastery
1,quadratic equations,math,2,0.4,0.6853932584269663,1.0,45.0,45,1,-0.038707861119609,True,unusual combination of factors (no single obvious cause)
1,quadratic equations,math,3,0.4,0.9095315024232634,1.0,45.0,30,0,-0.06783724175590433,True,incorrect despite high current mastery
1,quadratic equations,math,4,0.4,0.6581892166836218,0.6666666666666666,40.0,30,0,0.025361884540580193,False,
1,quadratic equations,math,5,0.4,0.3634354278497002,0.5,37.5,30,0,0.06831413063779218,False,
1,quadratic equations,math,6,0.4,0.2565914817773954,0.4,36.0,30,0,0.10335741503902768,False,
1,quadratic equations,math,7,0.4,0.2351967964592444,0.2,35.0,30,0,0.11389517780137054,False,
2,quadratic equations,math,1,0.4,0.3,,,20,1,-0.01758737091859608,True,correct despite low current mastery
3,quadratic equations,math,1,0.4,0.3,,,20,0,0.045940539170006345,False,
4,quadratic equations,math,1,0.4,0.3,,,20,0,0.045940539170006345,False,
5,quadratic equations,math,1,0.4,0.3,,,20,0,0.045940539170006345,False,
6,quadratic equations,math,1,0.4,0.3,,,4,0,0.05850251974697801,False,
7,quadratic equations,math,1,0.4,0.3,,,1,1,-0.024049779481026823,True,correct despite low current mastery
7,quadratic equations,math,2,0.55,0.6853932584269663,1.0,1.0,6,1,0.013608118110545298,False,
8,quadratic equations,math,1,0.4,0.3,,,4,1,-0.010042895000806906,True,correct despite low current mastery
8,quadratic equations,math,2,0.55,0.6853932584269663,1.0,4.0,6,1,0.01968401751009552,False,
8,quadratic equations,math,3,0.85,0.9095315024232634,1.0,5.0,4,0,-0.05312777235822008,True,incorrect despite high current mastery
8,quadratic equations,math,4,0.55,0.6581892166836218,0.6666666666666666,4.666666666666667,5,0,0.07612814473041729,False,
8,quadratic equations,math,5,0.25,0.3634354278497002,0.5,4.75,60,0,-0.10161906240547969,True,much slower than usual for this student
8,quadratic equations,math,6,0.25,0.2565914817773954,0.4,15.8,60,0,-0.06367379996389078,True,much slower than usual for this student
9,quadratic equations,math,1,0.25,0.3,,,3,0,0.013917314530577762,False,
9,quadratic equations,math,2,0.4,0.2432432432432432,0.0,3.0,10,1,0.048016353039949056,False,
9,quadratic equations,math,3,0.55,0.6291390728476821,0.5,6.5,18,1,0.014203429977610482,False,
9,quadratic equations,math,4,0.85,0.8874371859296482,0.6666666666666666,10.333333333333334,26,0,-0.05418985337012294,True,much slower than usual for this student; incorrect despite high current mastery
9,quadratic equations,math,5,0.55,0.6099825885084154,0.5,14.25,33,1,-0.016417395195859052,True,much slower than usual for this student
10,life processes,science,1,0.25,0.3,,,6,0,0.013825999736836181,False,
10,life processes,science,2,0.25,0.2432432432432432,0.0,6.0,10,1,0.037195883052265954,False,
10,life processes,science,3,0.55,0.6291390728476821,0.5,8.0,9,0,0.08766884707621714,False,
10,life processes,science,4,0.25,0.3475728155339806,0.3333333333333333,8.333333333333334,9,1,0.04216203041926292,False,
10,life processes,science,5,0.85,0.7258261933904528,0.5,8.5,7,1,-0.010102805461933428,True,unusual combination of factors (no single obvious cause)
11,quadratic equations,mathematics,1,0.4,0.3,,,12,0,0.053246798335291334,False,
11,quadratic equations,mathematics,2,0.6,0.2432432432432432,0.0,12.0,4,0,0.05045983556888173,False,
12,coordinate geometry,mathematics,1,0.5,0.3,,,5,0,0.045051167499051525,False,
13,laws of motion,physics,1,0.3,0.3,,,3,0,0.087418913497471,False,
13,laws of motion,physics,2,0.4,0.2432432432432432,0.0,3.0,3,1,0.07701247626520019,False,
13,laws of motion,physics,3,0.5,0.6291390728476821,0.5,3.0,5,1,0.06482221372203772,False,
13,laws of motion,physics,4,0.6,0.8874371859296482,0.6666666666666666,3.6666666666666665,4,0,0.04127430737078258,False,
16,cell biology,biology,1,0.3,0.3,,,2,0,0.07222487930986377,False,
16,cell biology,biology,2,0.3,0.2432432432432432,0.0,2.0,3,0,0.1104824484722517,False,
16,cell biology,biology,3,0.5,0.2328767123287671,0.0,2.5,4,1,0.06740096689530045,False,
16,cell biology,biology,4,0.5,0.6177474402730375,0.3333333333333333,3.0,3,0,0.09171832938268376,False,
16,cell biology,biology,5,0.7,0.3418217433888345,0.25,3.0,3,1,0.014292532961575732,False,
16,cell biology,biology,6,0.5,0.7212196639701307,0.4,3.0,8,1,0.0535493227617202,False,
16,cell biology,biology,7,0.5,0.9224309583585836,0.6,3.8333333333333335,5,0,0.043715422931873305,False,
16,cell biology,biology,8,0.5,0.690589928057554,0.6,4.0,5,0,0.08521735201854946,False,
16,cell biology,biology,9,0.5,0.3834744547869799,0.4,4.125,4,0,0.1158818582678579,False,
16,cell biology,biology,10,0.5,0.2612650439150632,0.4,4.111111111111111,6,1,0.07661037055023023,False,
17,complex numbers,mathematics,1,0.4,0.3,,,3,0,0.050247361001128255,False,
17,complex numbers,mathematics,2,0.6,0.2432432432432432,0.0,3.0,3,1,0.040916144147294664,False,
18,trigonometry,mathematics,1,0.3,0.3,,,5,0,0.07941786059888922,False,
18,trigonometry,mathematics,2,0.3,0.2432432432432432,0.0,5.0,5,0,0.11928694580368937,False,
18,trigonometry,mathematics,3,0.3,0.2328767123287671,0.0,5.0,24,0,0.07700357547559006,False,
18,trigonometry,mathematics,4,0.3,0.2311212814645309,0.0,11.333333333333334,9,1,0.07247064217062171,False,
18,trigonometry,mathematics,5,0.4,0.6157804459691253,0.25,10.75,4,0,0.057945918865763224,False,
18,trigonometry,mathematics,6,0.3,0.3408533594899461,0.2,9.4,5,0,0.11270919242117455,False,
18,trigonometry,mathematics,7,0.3,0.2516009280742459,0.2,8.666666666666666,3,1,0.07244165081667547,False,
18,trigonometry,mathematics,8,0.5,0.6380529186023025,0.4,7.857142857142857,3,1,0.055607189114392164,False,
18,trigonometry,mathematics,9,0.9,0.8911002400413235,0.6,7.25,5,0,0.003720724995483149,False,
18,trigonometry,mathematics,10,0.6,0.6174142010781574,0.4,7.0,21,0,0.03924933324932167,False,
20,quadratic equations,mathematics,1,0.3,0.3,,,4,0,0.08646503957752477,False,
20,quadratic equations,mathematics,2,0.4,0.2432432432432432,0.0,4.0,4,1,0.08214798674576884,False,
20,quadratic equations,mathematics,3,0.6,0.6291390728476821,0.5,4.0,3,0,0.08959590133982515,False,
20,quadratic equations,mathematics,4,0.6,0.3475728155339806,0.3333333333333333,3.6666666666666665,21,1,-0.012422055982247326,True,much slower than usual for this student; correct despite low current mastery
20,quadratic equations,mathematics,5,0.9,0.7258261933904528,0.5,8.0,5,0,0.024263045343974943,False,
21,indefinite integration,mathematics,1,0.5,0.3,,,7,0,0.03287645114029325,False,
21,indefinite integration,mathematics,2,0.5,0.2432432432432432,0.0,7.0,5,1,0.07647943350329128,False,
21,indefinite integration,mathematics,3,0.5,0.6291390728476821,0.5,6.0,4,0,0.09544148583140288,False,
21,indefinite integration,mathematics,4,0.5,0.3475728155339806,0.3333333333333333,5.333333333333333,7,1,0.07364164858702776,False,
21,indefinite integration,mathematics,5,0.5,0.7258261933904528,0.5,5.75,6,1,0.0713302643288714,False,
21,indefinite integration,mathematics,6,0.5,0.9240291673732406,0.6,5.8,5,1,0.012048155443029729,False,
21,indefinite integration,mathematics,7,0.5,0.9821375171946332,0.8,5.666666666666667,4,0,-0.019036925417478368,True,incorrect despite high current mastery
21,haloalkanes and haloarenes,chemistry,8,0.5,0.3,0.6,5.428571428571429,4,1,0.06178505677427287,False,
21,haloalkanes and haloarenes,chemistry,9,0.5,0.6853932584269663,0.8,5.25,4,0,0.04758713804374215,False,
21,haloalkanes and haloarenes,chemistry,10,0.5,0.3800738007380074,0.6,5.111111111111111,4,1,0.04880723348984661,False,
21,haloalkanes and haloarenes,chemistry,11,0.5,0.7505567928730512,0.6,5.0,4,0,0.06552134479551247,False,
21,haloalkanes and haloarenes,chemistry,12,0.5,0.4290569243840272,0.4,4.909090909090909,4,0,0.09817047012025515,False,
21,haloalkanes and haloarenes,chemistry,13,0.5,0.272858431018936,0.4,4.833333333333333,4,1,0.08097519883903764,False,
21,haloalkanes and haloarenes,chemistry,14,0.5,0.6597037599696165,0.4,4.769230769230769,4,0,0.09629401477301919,False,
21,haloalkanes and haloarenes,chemistry,15,0.5,0.3643135863781483,0.4,4.714285714285714,4,0,0.11324451564557614,False,
21,haloalkanes and haloarenes,chemistry,16,0.5,0.2567913181723923,0.2,4.666666666666667,4,0,0.12364168145715276,False,
21,haloalkanes and haloarenes,chemistry,17,0.5,0.235232055005631,0.2,4.625,4,0,0.12019617847773745,False,
22,rotational motion,physics,1,0.3,0.3,,,3,0,0.087418913497471,False,
22,rotational motion,physics,2,0.3,0.2432432432432432,0.0,3.0,52,0,-0.04036822987228195,True,much slower than usual for this student
22,rotational motion,physics,3,0.3,0.2328767123287671,0.0,27.5,28,0,0.12514664193962194,False,
22,rotational motion,physics,4,0.3,0.2311212814645309,0.0,27.666666666666668,5,0,0.03916221573258477,False,
22,rotational motion,physics,5,0.3,0.230827928271652,0.0,22.0,6,0,0.07784416937721966,False,
22,rotational motion,physics,6,0.3,0.230779014308426,0.0,18.8,4,1,0.028449340897384268,False,
22,rotational motion,physics,7,0.6,0.6153956216912291,0.2,16.333333333333332,4,1,-0.003958575450339286,True,unusual combination of factors (no single obvious cause)
22,rotational motion,physics,8,0.9,0.8816614937594929,0.4,14.571428571428571,4,0,-0.03882061371108392,True,incorrect despite high current mastery
22,rotational motion,physics,9,0.6,0.5986711955507448,0.4,13.25,5,0,0.07142724720910015,False,
22,rotational motion,physics,10,0.3,0.3327196185314288,0.4,12.333333333333334,4,0,0.09823650625449809,False,
22,circles,mathematics,11,0.5,0.3,0.4,11.5,5,0,0.11317806902444544,False,
22,circles,mathematics,12,0.5,0.2432432432432432,0.2,10.909090909090908,5,0,0.11982670483117397,False,
22,circles,mathematics,13,0.5,0.2328767123287671,0.0,10.416666666666666,5,0,0.10392783627773766,False,
22,circles,mathematics,14,0.5,0.2311212814645309,0.0,10.0,7,0,0.10959210156472587,False,
22,3d geometry,mathematics,15,0.3,0.3,0.0,9.785714285714286,6,0,0.09074091101903903,False,
22,3d geometry,mathematics,16,0.3,0.2432432432432432,0.0,9.533333333333331,5,0,0.10236544591066599,False,
23,electromagnetic induction,physics,1,0.3,0.3,,,13,0,0.0559065874280969,False,
24,optics,physics,1,0.3,0.3,,,2,0,0.07222487930986377,False,
24,optics,physics,2,0.3,0.2432432432432432,0.0,2.0,3,0,0.1104824484722517,False,
25,simple harmonic motion,physics,1,0.5,0.3,,,5,0,0.045051167499051525,False,
25,simple harmonic motion,physics,2,0.5,0.2432432432432432,0.0,5.0,6,0,0.11083487125794728,False,
25,simple harmonic motion,physics,3,0.5,0.2328767123287671,0.0,5.5,6,0,0.11377612916885593,False,
25,simple harmonic motion,physics,4,0.5,0.2311212814645309,0.0,5.666666666666667,5,1,0.07506077346449136,False,
25,simple harmonic motion,physics,5,0.5,0.6157804459691253,0.25,5.5,5,0,0.09647740896381674,False,
25,simple harmonic motion,physics,6,0.5,0.3408533594899461,0.2,5.4,7,0,0.11067050403553563,False,
25,matrices and determinants,mathematics,7,0.5,0.3,0.2,5.666666666666667,4,1,0.0916814580675453,False,
25,3d geometry,mathematics,8,0.3,0.3,0.4,5.428571428571429,11,0,0.1190264159823976,False,
25,3d geometry,mathematics,9,0.3,0.2432432432432432,0.4,6.125,5,1,0.0763377714331222,False,
25,3d geometry,mathematics,10,0.6,0.6291390728476821,0.4,6.0,5,0,0.10863249578228562,False,
25,3d geometry,mathematics,11,0.3,0.3475728155339806,0.4,5.9,17,0,0.0828757059939122,False,
25,3d geometry,mathematics,12,0.3,0.2530566876620971,0.4,6.909090909090909,10,0,0.11772398234898318,False,
25,3d geometry,mathematics,13,0.3,0.2345757134721255,0.2,7.166666666666667,17,1,0.024038016753763713,False,
25,3d geometry,mathematics,14,0.6,0.6196405829913684,0.4,7.923076923076923,3,0,0.08037758246099325,False,
25,3d geometry,mathematics,15,0.3,0.3427605036880068,0.2,7.571428571428571,5,0,0.1058586868251159,False,
25,3d geometry,mathematics,16,0.3,0.2520116563990384,0.2,7.4,5,1,0.07419161443436467,False,
25,3d geometry,mathematics,17,0.6,0.638484945278483,0.4,7.25,4,0,0.07719466642197176,False,
26,waves,physics,1,0.3,0.3,,,10,0,0.06375399607860677,False,
26,waves,physics,2,0.3,0.2432432432432432,0.0,10.0,5,1,0.0707868457970815,False,
26,waves,physics,3,0.4,0.6291390728476821,0.5,7.5,4,1,0.052099883066540065,False,
26,waves,physics,4,0.6,0.8874371859296482,0.6666666666666666,6.333333333333333,4,0,0.04449192140448377,False,
26,waves,physics,5,0.6,0.6099825885084154,0.5,5.75,2,1,0.03452570688487061,False,
26,waves,physics,6,0.6,0.8793428494478858,0.6,5.0,10,0,0.024014843406316655,False,
26,waves,physics,7,0.6,0.5942641509433961,0.6,5.833333333333333,33,0,-0.00869951099442312,True,much slower than usual for this student; incorrect despite high current mastery
26,waves,physics,8,0.3,0.3307050670207909,0.4,9.714285714285714,4,1,0.06383629321546969,False,
26,waves,physics,9,0.3,0.7121053899911639,0.4,9.0,5,1,0.03374221797943305,False,
26,waves,physics,10,0.3,0.9192292523522452,0.6,8.555555555555555,6,0,0.009690908650731744,False,
27,magnetism,physics,1,0.3,0.3,,,2,0,0.07222487930986377,False,
27,magnetism,physics,2,0.3,0.2432432432432432,0.0,2.0,3,1,0.0777330721958332,False,
27,magnetism,physics,3,0.6,0.6291390728476821,0.5,2.5,4,0,0.08990127729898378,False,
27,magnetism,physics,4,0.3,0.3475728155339806,0.3333333333333333,3.0,3,0,0.1045027346334585,False,
27,magnetism,physics,5,0.3,0.2530566876620971,0.25,3.0,3,0,0.12219454193726681,False,
27,magnetism,physics,6,0.3,0.2345757134721255,0.2,3.0,4,0,0.12446081931558006,False,
27,magnetism,physics,7,0.3,0.2314062715113262,0.2,3.1666666666666665,4,0,0.12631660404983275,False,
27,magnetism,physics,8,0.3,0.2308754775500688,0.0,3.2857142857142856,3,0,0.11579931565994445,False,
27,magnetism,physics,9,0.3,0.2307869406044511,0.0,3.25,4,0,0.1187473783467135,False,
27,magnetism,physics,10,0.3,0.2307721824650644,0.0,3.333333333333333,4,1,0.07663218081144019,False,
29,3d geometry,mathematics,1,0.3,0.3,,,4,0,0.08646503957752477,False,
29,3d geometry,mathematics,2,0.3,0.2432432432432432,0.0,4.0,9,0,0.10487320285617541,False,
29,3d geometry,mathematics,3,0.3,0.2328767123287671,0.0,6.5,6,1,0.07935901180383548,False,
29,3d geometry,mathematics,4,0.6,0.6177474402730375,0.3333333333333333,6.333333333333333,5,0,0.0982764766025298,False,
29,3d geometry,mathematics,5,0.3,0.3418217433888345,0.25,6.0,10,0,0.10907237842768597,False,
29,3d geometry,mathematics,6,0.3,0.2518092410465763,0.2,6.8,26,1,0.026064046062081236,False,
29,3d geometry,mathematics,7,0.6,0.6382721033508277,0.4,10.0,7,0,0.10289198320752774,False,
29,3d geometry,mathematics,8,0.3,0.3523671846765451,0.4,9.571428571428571,4,0,0.10215522975607333,False,
29,3d geometry,mathematics,9,0.3,0.2541103017689907,0.2,8.875,3,0,0.11513761785515247,False,
29,3d geometry,mathematics,10,0.3,0.2347603288139212,0.2,8.222222222222221,4,1,0.07679212431193083,False,
29,anatomy of flowering plants,biology,11,0.5,0.3,0.4,7.8,4,1,0.0794842163162322,False,
29,anatomy of flowering plants,biology,12,0.5,0.6853932584269663,0.4,7.454545454545454,9,0,0.07733521068667054,False,
29,anatomy of flowering plants,biology,13,0.5,0.3800738007380074,0.4,7.583333333333333,8,0,0.11395375634439747,False,
29,anatomy of flowering plants,biology,14,0.5,0.260454878943507,0.4,7.615384615384615,6,0,0.12061235022863936,False,
29,anatomy of flowering plants,biology,15,0.5,0.2358812381554011,0.4,7.5,6,0,0.11910979636214442,False,
29,anatomy of flowering plants,biology,16,0.5,0.2316259766658903,0.2,7.4,8,0,0.11952592338819057,False,
29,anatomy of flowering plants,biology,17,0.5,0.2309121544053493,0.0,7.4375,6,1,0.060641502934571434,False,
29,anatomy of flowering plants,biology,18,0.5,0.6155453671405074,0.2,7.352941176470588,8,0,0.06983514715472411,False,
29,anatomy of flowering plants,biology,19,0.5,0.340738099725898,0.2,7.388888888888889,6,0,0.09623990631635759,False,
29,anatomy of flowering plants,biology,20,0.5,0.2515761671242024,0.2,7.315789473684211,6,1,0.06165925673818501,False,
29,quadratic equations,mathematics,21,0.3,0.3,0.4,7.25,30,1,0.016351035977494988,False,
29,quadratic equations,mathematics,22,0.3,0.6853932584269663,0.6,8.333333333333334,30,1,-0.03784273092110657,True,much slower than usual for this student
29,quadratic equations,mathematics,23,0.3,0.9095315024232634,0.6,9.318181818181818,30,0,-0.042433611609360655,True,much slower than usual for this student; incorrect despite high current mastery
29,quadratic equations,mathematics,24,0.3,0.6581892166836218,0.6,10.217391304347826,30,0,0.015571823302256815,False,
29,quadratic equations,mathematics,25,0.3,0.3634354278497002,0.6,11.041666666666666,30,0,0.03424328978149166,False,
29,quadratic equations,mathematics,26,0.3,0.2565914817773954,0.4,11.8,30,1,0.01759773331648684,False,
29,sets and relations,mathematics,27,0.5,0.3,0.4,12.5,30,0,0.06776251417018048,False,
29,sets and relations,mathematics,28,0.5,0.2432432432432432,0.2,13.148148148148149,30,0,0.08452275307443735,False,
29,sets and relations,mathematics,29,0.5,0.2328767123287671,0.2,13.75,30,0,0.09281488960148371,False,
29,sets and relations,mathematics,30,0.5,0.2311212814645309,0.2,14.310344827586206,30,0,0.09253725636243693,False,
29,sets and relations,mathematics,31,0.5,0.230827928271652,0.2,14.833333333333334,30,0,0.08940821388472353,False,
29,sets and relations,mathematics,32,0.5,0.230779014308426,0.0,15.32258064516129,30,0,0.08714987972401639,False,
29,sets and relations,mathematics,33,0.5,0.2307708613763792,0.0,15.78125,30,0,0.08705134683201848,False,
29,trigonometry,mathematics,34,0.3,0.3,0.0,16.21212121212121,30,0,0.06147981197857594,False,
29,trigonometry,mathematics,35,0.3,0.2432432432432432,0.0,16.61764705882353,30,0,0.09050933504862158,False,
29,trigonometry,mathematics,36,0.3,0.2328767123287671,0.0,17.0,30,0,0.09856941133372377,False,
29,trigonometry,mathematics,37,0.3,0.2311212814645309,0.0,17.36111111111111,30,0,0.10459102944038134,False,
29,trigonometry,mathematics,38,0.3,0.230827928271652,0.0,17.7027027027027,30,0,0.10256522261314222,False,
29,trigonometry,mathematics,39,0.3,0.230779014308426,0.0,18.026315789473685,30,0,0.10119498501348989,False,
29,trigonometry,mathematics,40,0.3,0.2307708613763792,0.0,18.33333333333333,30,0,0.09780599439077986,False,
29,trigonometry,mathematics,41,0.3,0.2307695025375689,0.0,18.625,30,0,0.09205715233654704,False,
29,trigonometry,mathematics,42,0.3,0.2307692760639671,0.0,18.902439024390244,30,1,9.685576278994912e-05,False,
29,trigonometry,mathematics,43,0.3,0.61538466634119,0.2,19.166666666666668,30,0,0.0013369365024018531,False,
30,vector algebra,mathematics,1,0.3,0.3,,,30,0,0.03274914015125718,False,
30,vector algebra,mathematics,2,0.3,0.2432432432432432,0.0,30.0,30,0,0.12885982276865615,False,
30,vector algebra,mathematics,3,0.3,0.2328767123287671,0.0,30.0,30,0,0.1337014417001744,False,
30,vector algebra,mathematics,4,0.3,0.2311212814645309,0.0,30.0,30,0,0.13875615505153366,False,
30,vector algebra,mathematics,5,0.3,0.230827928271652,0.0,30.0,30,0,0.13934438472203298,False,
30,vector algebra,mathematics,6,0.3,0.230779014308426,0.0,30.0,30,1,0.07472346381227418,False,
30,vector algebra,mathematics,7,0.3,0.6153956216912291,0.2,30.0,30,0,0.07062510720237564,False,
30,vector algebra,mathematics,8,0.3,0.340664731613589,0.2,30.0,30,1,0.07298604211189408,False,
30,quadratic equations,mathematics,9,0.3,0.3,0.4,30.0,30,1,0.08574702942406409,False,
30,quadratic equations,mathematics,10,0.4,0.6853932584269663,0.6,30.0,30,0,0.06588898949177296,False,
30,quadratic equations,mathematics,11,0.6,0.3800738007380074,0.6,30.0,30,1,0.038723303661338526,False,
30,quadratic equations,mathematics,12,0.9,0.7505567928730512,0.6,30.0,30,0,-0.0005978606970505895,True,incorrect despite high current mastery
30,quadratic equations,mathematics,13,0.6,0.4290569243840272,0.6,30.0,30,1,0.03161661759939749,False,
30,quadratic equations,mathematics,14,0.6,0.7840963855421687,0.6,30.0,30,1,0.019020518510746154,False,
30,quadratic equations,mathematics,15,0.5,0.9431580282941064,0.6,30.0,30,0,0.023493673500604162,False,
30,quadratic equations,mathematics,16,0.5,0.7509612266641961,0.6,30.0,30,1,0.04989987746634994,False,
30,quadratic equations,mathematics,17,0.5,0.9325212283245156,0.6,30.0,30,0,0.017651799633118692,False,
30,quadratic equations,mathematics,18,0.5,0.7185671844939733,0.6,30.0,30,1,0.050515953274710146,False,
30,quadratic equations,mathematics,19,0.5,0.9215046404029896,0.6,30.0,30,1,0.004127718649352685,False,
30,trigonometry,mathematics,20,0.3,0.3,0.6,30.0,30,0,0.09791371042554226,False,
30,trigonometry,mathematics,21,0.3,0.2432432432432432,0.6,30.0,30,0,0.0866427516570818,False,
30,trigonometry,mathematics,22,0.3,0.2328767123287671,0.4,30.0,30,0,0.12746460410321342,False,
30,trigonometry,mathematics,23,0.3,0.2311212814645309,0.4,30.0,30,0,0.1264605739914425,False,
30,trigonometry,mathematics,24,0.3,0.230827928271652,0.2,30.0,30,0,0.1362043960846278,False,
30,trigonometry,mathematics,25,0.3,0.230779014308426,0.0,30.0,30,0,0.1253252370837924,False,
30,trigonometry,mathematics,26,0.3,0.2307708613763792,0.0,30.0,30,0,0.12624274945518282,False,
30,trigonometry,mathematics,27,0.3,0.2307695025375689,0.0,30.0,30,1,0.060338934484203965,False,
30,trigonometry,mathematics,28,0.3,0.6153849211238608,0.2,30.0,30,0,0.05974862433219896,False,
30,trigonometry,mathematics,29,0.3,0.3406594904092601,0.2,30.0,30,0,0.10915176207981331,False,
30,trigonometry,mathematics,30,0.3,0.2515592837188458,0.2,30.0,30,1,0.06080844717044398,False,
30,trigonometry,mathematics,31,0.3,0.6380090836272598,0.4,30.0,30,0,0.05492647180184207,False,
30,trigonometry,mathematics,32,0.4,0.3522267387154803,0.4,30.0,30,1,0.034232054245318444,False,
30,trigonometry,mathematics,33,0.6,0.7295012821403161,0.4,30.0,30,0,0.034343143015782396,False,
30,trigonometry,mathematics,34,0.5,0.4115844426859024,0.4,30.0,30,0,0.07462191121441497,False,
30,trigonometry,mathematics,35,0.6,0.2682462075444095,0.4,30.0,30,0,0.07457198411122545,False,
30,trigonometry,mathematics,36,0.6,0.2372797197984141,0.2,30.0,30,0,0.09427943213981826,False,
30,trigonometry,mathematics,37,0.9,0.231862019747302,0.2,30.0,30,0,0.012363703490220868,False,
30,trigonometry,mathematics,38,0.6,0.2309515781383707,0.0,30.0,30,0,0.0781363137963767,False,
30,trigonometry,mathematics,39,0.6,0.2307996280021808,0.0,30.0,30,1,0.009864570044977539,False,
30,trigonometry,mathematics,40,0.6,0.6154188105825952,0.2,30.0,30,0,0.03819876567158681,False,
30,trigonometry,mathematics,41,0.6,0.3406760903914368,0.2,30.0,30,1,0.01161516366772919,False,
30,trigonometry,mathematics,42,0.6,0.7202932858651547,0.4,30.0,30,0,0.021660206519174108,False,
30,trigonometry,mathematics,43,0.6,0.404476749860031,0.4,30.0,30,0,0.04853906963518695,False,
30,trigonometry,mathematics,44,0.6,0.2664315270467711,0.4,30.0,30,1,0.000739907358285774,False,
30,trigonometry,mathematics,45,0.6,0.6533070470804577,0.4,30.0,30,0,0.035573200749043465,False,
30,complex numbers,mathematics,46,0.3,0.3,0.4,30.0,30,0,0.08224848022177972,False,
30,complex numbers,mathematics,47,0.3,0.2432432432432432,0.2,30.0,30,0,0.10090670945738672,False,
30,complex numbers,mathematics,48,0.3,0.2328767123287671,0.2,30.0,30,0,0.10298575431509721,False,
30,complex numbers,mathematics,49,0.3,0.2311212814645309,0.2,30.0,30,0,0.09583769733056935,False,
30,complex numbers,mathematics,50,0.3,0.230827928271652,0.0,30.0,30,1,0.01815059944208497,False,
30,complex numbers,mathematics,51,0.3,0.6154506437768241,0.2,30.0,30,0,0.0203844574489197,False,
30,complex numbers,mathematics,52,0.3,0.340691685062546,0.2,30.0,30,0,0.06304023257218727,False,
30,complex numbers,mathematics,53,0.3,0.2515661979674231,0.2,30.0,30,1,0.020908682471758144,False,
30,complex numbers,mathematics,54,0.3,0.638016361983638,0.4,30.0,30,0,0.0008509943770478312,False,
30,sequence and series,mathematics,55,0.5,0.3,0.4,30.0,30,0,0.05542424331501006,False,
30,sequence and series,mathematics,56,0.5,0.2432432432432432,0.2,30.0,30,0,0.0715572261336187,False,
30,sequence and series,mathematics,57,0.5,0.2328767123287671,0.2,30.0,30,0,0.06938780190518523,False,
30,sequence and series,mathematics,58,0.5,0.2311212814645309,0.2,30.0,30,0,0.0671167704133731,False,
30,sequence and series,mathematics,59,0.5,0.230827928271652,0.0,30.0,30,0,0.041610788054671166,False,
30,sequence and series,mathematics,60,0.5,0.230779014308426,0.0,30.0,30,1,-0.027175755730687312,True,correct despite low current mastery
31,units and dimensions,physics,1,0.5,0.3,,,30,1,-0.01815554732168967,True,correct despite low current mastery
31,quadratic equations,mathematics,2,0.3,0.3,1.0,30.0,30,1,0.0006474120113204584,False,
31,quadratic equations,math,3,0.4,0.6853932584269663,1.0,30.0,10,1,-0.04780721331750415,True,much faster than usual for this student
31,quadratic equations,mathematics,4,0.9,0.9095315024232634,1.0,23.33333333333333,30,0,-0.06739918088944907,True,incorrect despite high current mastery
32,differential equations,mathematics,1,0.5,0.3,,,30,0,0.0023523679826840116,False,
32,differential equations,mathematics,2,0.5,0.2432432432432432,0.0,30.0,30,0,0.11623142358826366,False,
32,differential equations,mathematics,3,0.5,0.2328767123287671,0.0,30.0,30,0,0.12516702802157648,False,
32,differential equations,mathematics,4,0.5,0.2311212814645309,0.0,30.0,30,0,0.12991815030142256,False,
32,differential equations,mathematics,5,0.5,0.230827928271652,0.0,30.0,30,0,0.1319100486460998,False,
32,differential equations,mathematics,6,0.5,0.230779014308426,0.0,30.0,30,0,0.13321568433572922,False,
32,differential equations,mathematics,7,0.5,0.2307708613763792,0.0,30.0,30,0,0.13327614826065365,False,
32,differential equations,mathematics,8,0.5,0.2307695025375689,0.0,30.0,30,0,0.13210927121644678,False,
32,differential equations,mathematics,9,0.5,0.2307692760639671,0.0,30.0,30,0,0.13199857204619087,False,
32,quadratic equations,mathematics,10,0.3,0.3,0.0,30.0,30,0,0.11973205182426833,False,
32,trigonometry,mathematics,11,0.3,0.3,0.0,30.0,30,0,0.12014007534897375,False,
32,calculus,mathematics,12,0.3,0.3,0.0,30.0,30,0,0.11996963355170875,False,
32,atoms and nuclei,physics,13,0.3,0.3,0.0,30.0,30,0,0.11846749918717409,False,
32,probability,mathematics,14,0.3,0.3,0.0,30.0,30,1,0.053417252935308746,False,
32,atoms and nuclei,physics,15,0.3,0.2432432432432432,0.2,30.0,30,0,0.13842705035126202,False,
32,atoms and nuclei,physics,16,0.3,0.2328767123287671,0.2,30.0,30,0,0.13948850353022574,False,
32,thermodynamics,physics,17,0.3,0.3,0.2,30.0,30,1,0.08512649144221696,False,
32,modern physics,physics,18,0.3,0.3,0.4,30.0,30,0,0.1337723097925188,False,
32,equilibrium,chemistry,19,0.3,0.3,0.4,30.0,30,1,0.08282195585965735,False,
32,hydrogen,chemistry,20,0.3,0.3,0.4,30.0,30,0,0.13306484836598387,False,
32,organic chemistry,chemistry,21,0.3,0.3,0.4,30.0,30,0,0.13245548507378713,False,
34,application of derivatives,mathematics,1,0.3,0.3,,,30,0,0.03274914015125718,False,
34,application of derivatives,mathematics,2,0.3,0.2432432432432432,0.0,30.0,30,0,0.12885982276865615,False,
34,application of derivatives,mathematics,3,0.3,0.2328767123287671,0.0,30.0,30,0,0.1337014417001744,False,
35,ecosystem,biology,1,0.5,0.3,,,30,1,-0.01815554732168967,True,correct despite low current mastery
35,ecosystem,biology,2,0.5,0.6853932584269663,1.0,30.0,30,1,0.03465558080065295,False,
35,ecosystem,biology,3,0.5,0.9095315024232634,1.0,30.0,30,1,0.010580520572535668,False,
35,ecosystem,biology,4,0.5,0.978490493566353,1.0,30.0,30,1,0.019096867179370314,False,
35,ecosystem,biology,5,0.5,0.9951446840793324,1.0,30.0,30,1,0.026239813042372995,False,
35,ecosystem,biology,6,0.5,0.998917244096201,1.0,30.0,30,1,0.027176220600081735,False,
35,ecosystem,biology,7,0.5,0.9997591992730828,1.0,30.0,30,1,0.0276596341405847,False,
35,ecosystem,biology,8,0.5,0.9999464794195,1.0,30.0,30,1,0.020670310136869485,False,
35,ecosystem,biology,9,0.5,0.999988106077922,1.0,30.0,30,0,-0.03531335238295441,True,incorrect despite high current mastery
35,ecosystem,biology,10,0.5,0.9999286419842554,0.8,30.0,30,1,-0.00022599677984336264,True,unusual combination of factors (no single obvious cause)
