student_id,topic,subject,difficulty,current_mastery,recent_accuracy,avg_time_this_student,attempt_number,time_taken_seconds,is_correct
1,quadratic equations,math,0.4,0.3,,,1,45,1
1,quadratic equations,math,0.4,0.6853932584269663,1.0,45.0,2,45,1
1,quadratic equations,math,0.4,0.9095315024232634,1.0,45.0,3,30,0
1,quadratic equations,math,0.4,0.6581892166836218,0.6666666666666666,40.0,4,30,0
1,quadratic equations,math,0.4,0.36343542784970023,0.5,37.5,5,30,0
1,quadratic equations,math,0.4,0.25659148177739544,0.4,36.0,6,30,0
1,quadratic equations,math,0.4,0.23519679645924446,0.2,35.0,7,30,0
2,quadratic equations,math,0.4,0.3,,,1,20,1
3,quadratic equations,math,0.4,0.3,,,1,20,0
4,quadratic equations,math,0.4,0.3,,,1,20,0
5,quadratic equations,math,0.4,0.3,,,1,20,0
6,quadratic equations,math,0.4,0.3,,,1,4,0
7,quadratic equations,math,0.4,0.3,,,1,1,1
7,quadratic equations,math,0.55,0.6853932584269663,1.0,1.0,2,6,1
8,quadratic equations,math,0.4,0.3,,,1,4,1
8,quadratic equations,math,0.55,0.6853932584269663,1.0,4.0,2,6,1
8,quadratic equations,math,0.85,0.9095315024232634,1.0,5.0,3,4,0
8,quadratic equations,math,0.55,0.6581892166836218,0.6666666666666666,4.666666666666667,4,5,0
8,quadratic equations,math,0.25,0.36343542784970023,0.5,4.75,5,60,0
8,quadratic equations,math,0.25,0.25659148177739544,0.4,15.8,6,60,0
9,quadratic equations,math,0.25,0.3,,,1,3,0
9,quadratic equations,math,0.4,0.24324324324324326,0.0,3.0,2,10,1
9,quadratic equations,math,0.55,0.6291390728476821,0.5,6.5,3,18,1
9,quadratic equations,math,0.85,0.8874371859296482,0.6666666666666666,10.333333333333334,4,26,0
9,quadratic equations,math,0.55,0.6099825885084154,0.5,14.25,5,33,1
10,life processes,science,0.25,0.3,,,1,6,0
10,life processes,science,0.25,0.24324324324324326,0.0,6.0,2,10,1
10,life processes,science,0.55,0.6291390728476821,0.5,8.0,3,9,0
10,life processes,science,0.25,0.3475728155339806,0.3333333333333333,8.333333333333334,4,9,1
10,life processes,science,0.85,0.7258261933904528,0.5,8.5,5,7,1
11,quadratic equations,mathematics,0.4,0.3,,,1,12,0
11,quadratic equations,mathematics,0.6,0.24324324324324326,0.0,12.0,2,4,0
12,coordinate geometry,mathematics,0.5,0.3,,,1,5,0
13,laws of motion,physics,0.3,0.3,,,1,3,0
13,laws of motion,physics,0.4,0.24324324324324326,0.0,3.0,2,3,1
13,laws of motion,physics,0.5,0.6291390728476821,0.5,3.0,3,5,1
13,laws of motion,physics,0.6,0.8874371859296482,0.6666666666666666,3.6666666666666665,4,4,0
16,cell biology,biology,0.3,0.3,,,1,2,0
16,cell biology,biology,0.3,0.24324324324324326,0.0,2.0,2,3,0
16,cell biology,biology,0.5,0.2328767123287671,0.0,2.5,3,4,1
16,cell biology,biology,0.5,0.6177474402730375,0.3333333333333333,3.0,4,3,0
16,cell biology,biology,0.7,0.3418217433888345,0.25,3.0,5,3,1
16,cell biology,biology,0.5,0.7212196639701307,0.4,3.0,6,8,1
16,cell biology,biology,0.5,0.9224309583585837,0.6,3.8333333333333335,7,5,0
16,cell biology,biology,0.5,0.690589928057554,0.6,4.0,8,5,0
16,cell biology,biology,0.5,0.38347445478697995,0.4,4.125,9,4,0
16,cell biology,biology,0.5,0.2612650439150632,0.4,4.111111111111111,10,6,1
17,complex numbers,mathematics,0.4,0.3,,,1,3,0
17,complex numbers,mathematics,0.6,0.24324324324324326,0.0,3.0,2,3,1
18,trigonometry,mathematics,0.3,0.3,,,1,5,0
18,trigonometry,mathematics,0.3,0.24324324324324326,0.0,5.0,2,5,0
18,trigonometry,mathematics,0.3,0.2328767123287671,0.0,5.0,3,24,0
18,trigonometry,mathematics,0.3,0.23112128146453093,0.0,11.333333333333334,4,9,1
18,trigonometry,mathematics,0.4,0.6157804459691253,0.25,10.75,5,4,0
18,trigonometry,mathematics,0.3,0.3408533594899461,0.2,9.4,6,5,0
18,trigonometry,mathematics,0.3,0.25160092807424594,0.2,8.666666666666666,7,3,1
18,trigonometry,mathematics,0.5,0.6380529186023025,0.4,7.857142857142857,8,3,1
18,trigonometry,mathematics,0.9,0.8911002400413235,0.6,7.25,9,5,0
18,trigonometry,mathematics,0.6,0.6174142010781574,0.4,7.0,10,21,0
20,quadratic equations,mathematics,0.3,0.3,,,1,4,0
20,quadratic equations,mathematics,0.4,0.24324324324324326,0.0,4.0,2,4,1
20,quadratic equations,mathematics,0.6,0.6291390728476821,0.5,4.0,3,3,0
20,quadratic equations,mathematics,0.6,0.3475728155339806,0.3333333333333333,3.6666666666666665,4,21,1
20,quadratic equations,mathematics,0.9,0.7258261933904528,0.5,8.0,5,5,0
21,indefinite integration,mathematics,0.5,0.3,,,1,7,0
21,indefinite integration,mathematics,0.5,0.24324324324324326,0.0,7.0,2,5,1
21,indefinite integration,mathematics,0.5,0.6291390728476821,0.5,6.0,3,4,0
21,indefinite integration,mathematics,0.5,0.3475728155339806,0.3333333333333333,5.333333333333333,4,7,1
21,indefinite integration,mathematics,0.5,0.7258261933904528,0.5,5.75,5,6,1
21,indefinite integration,mathematics,0.5,0.9240291673732406,0.6,5.8,6,5,1
21,indefinite integration,mathematics,0.5,0.9821375171946333,0.8,5.666666666666667,7,4,0
21,haloalkanes and haloarenes,chemistry,0.5,0.3,0.6,5.428571428571429,8,4,1
21,haloalkanes and haloarenes,chemistry,0.5,0.6853932584269663,0.8,5.25,9,4,0
21,haloalkanes and haloarenes,chemistry,0.5,0.3800738007380074,0.6,5.111111111111111,10,4,1
21,haloalkanes and haloarenes,chemistry,0.5,0.7505567928730512,0.6,5.0,11,4,0
21,haloalkanes and haloarenes,chemistry,0.5,0.4290569243840272,0.4,4.909090909090909,12,4,0
21,haloalkanes and haloarenes,chemistry,0.5,0.27285843101893603,0.4,4.833333333333333,13,4,1
21,haloalkanes and haloarenes,chemistry,0.5,0.6597037599696165,0.4,4.769230769230769,14,4,0
21,haloalkanes and haloarenes,chemistry,0.5,0.36431358637814837,0.4,4.714285714285714,15,4,0
21,haloalkanes and haloarenes,chemistry,0.5,0.25679131817239237,0.2,4.666666666666667,16,4,0
21,haloalkanes and haloarenes,chemistry,0.5,0.235232055005631,0.2,4.625,17,4,0
22,rotational motion,physics,0.3,0.3,,,1,3,0
22,rotational motion,physics,0.3,0.24324324324324326,0.0,3.0,2,52,0
22,rotational motion,physics,0.3,0.2328767123287671,0.0,27.5,3,28,0
22,rotational motion,physics,0.3,0.23112128146453093,0.0,27.666666666666668,4,5,0
22,rotational motion,physics,0.3,0.23082792827165205,0.0,22.0,5,6,0
22,rotational motion,physics,0.3,0.23077901430842607,0.0,18.8,6,4,1
22,rotational motion,physics,0.6,0.6153956216912291,0.2,16.333333333333332,7,4,1
22,rotational motion,physics,0.9,0.8816614937594929,0.4,14.571428571428571,8,4,0
22,rotational motion,physics,0.6,0.5986711955507448,0.4,13.25,9,5,0
22,rotational motion,physics,0.3,0.33271961853142884,0.4,12.333333333333334,10,4,0
22,circles,mathematics,0.5,0.3,0.4,11.5,11,5,0
22,circles,mathematics,0.5,0.24324324324324326,0.2,10.909090909090908,12,5,0
22,circles,mathematics,0.5,0.2328767123287671,0.0,10.416666666666666,13,5,0
22,circles,mathematics,0.5,0.23112128146453093,0.0,10.0,14,7,0
22,3d geometry,mathematics,0.3,0.3,0.0,9.785714285714286,15,6,0
22,3d geometry,mathematics,0.3,0.24324324324324326,0.0,9.533333333333333,16,5,0
23,electromagnetic induction,physics,0.3,0.3,,,1,13,0
24,optics,physics,0.3,0.3,,,1,2,0
24,optics,physics,0.3,0.24324324324324326,0.0,2.0,2,3,0
25,simple harmonic motion,physics,0.5,0.3,,,1,5,0
25,simple harmonic motion,physics,0.5,0.24324324324324326,0.0,5.0,2,6,0
25,simple harmonic motion,physics,0.5,0.2328767123287671,0.0,5.5,3,6,0
25,simple harmonic motion,physics,0.5,0.23112128146453093,0.0,5.666666666666667,4,5,1
25,simple harmonic motion,physics,0.5,0.6157804459691253,0.25,5.5,5,5,0
25,simple harmonic motion,physics,0.5,0.3408533594899461,0.2,5.4,6,7,0
25,matrices and determinants,mathematics,0.5,0.3,0.2,5.666666666666667,7,4,1
25,3d geometry,mathematics,0.3,0.3,0.4,5.428571428571429,8,11,0
25,3d geometry,mathematics,0.3,0.24324324324324326,0.4,6.125,9,5,1
25,3d geometry,mathematics,0.6,0.6291390728476821,0.4,6.0,10,5,0
25,3d geometry,mathematics,0.3,0.3475728155339806,0.4,5.9,11,17,0
25,3d geometry,mathematics,0.3,0.2530566876620971,0.4,6.909090909090909,12,10,0
25,3d geometry,mathematics,0.3,0.23457571347212558,0.2,7.166666666666667,13,17,1
25,3d geometry,mathematics,0.6,0.6196405829913684,0.4,7.923076923076923,14,3,0
25,3d geometry,mathematics,0.3,0.34276050368800687,0.2,7.571428571428571,15,5,0
25,3d geometry,mathematics,0.3,0.25201165639903844,0.2,7.4,16,5,1
25,3d geometry,mathematics,0.6,0.638484945278483,0.4,7.25,17,4,0
26,waves,physics,0.3,0.3,,,1,10,0
26,waves,physics,0.3,0.24324324324324326,0.0,10.0,2,5,1
26,waves,physics,0.4,0.6291390728476821,0.5,7.5,3,4,1
26,waves,physics,0.6,0.8874371859296482,0.6666666666666666,6.333333333333333,4,4,0
26,waves,physics,0.6,0.6099825885084154,0.5,5.75,5,2,1
26,waves,physics,0.6,0.8793428494478858,0.6,5.0,6,10,0
26,waves,physics,0.6,0.5942641509433961,0.6,5.833333333333333,7,33,0
26,waves,physics,0.3,0.33070506702079094,0.4,9.714285714285714,8,4,1
26,waves,physics,0.3,0.7121053899911639,0.4,9.0,9,5,1
26,waves,physics,0.3,0.9192292523522452,0.6,8.555555555555555,10,6,0
27,magnetism,physics,0.3,0.3,,,1,2,0
27,magnetism,physics,0.3,0.24324324324324326,0.0,2.0,2,3,1
27,magnetism,physics,0.6,0.6291390728476821,0.5,2.5,3,4,0
27,magnetism,physics,0.3,0.3475728155339806,0.3333333333333333,3.0,4,3,0
27,magnetism,physics,0.3,0.2530566876620971,0.25,3.0,5,3,0
27,magnetism,physics,0.3,0.23457571347212558,0.2,3.0,6,4,0
27,magnetism,physics,0.3,0.23140627151132626,0.2,3.1666666666666665,7,4,0
27,magnetism,physics,0.3,0.23087547755006882,0.0,3.2857142857142856,8,3,0
27,magnetism,physics,0.3,0.23078694060445118,0.0,3.25,9,4,0
27,magnetism,physics,0.3,0.2307721824650644,0.0,3.3333333333333335,10,4,1
29,3d geometry,mathematics,0.3,0.3,,,1,4,0
29,3d geometry,mathematics,0.3,0.24324324324324326,0.0,4.0,2,9,0
29,3d geometry,mathematics,0.3,0.2328767123287671,0.0,6.5,3,6,1
29,3d geometry,mathematics,0.6,0.6177474402730375,0.3333333333333333,6.333333333333333,4,5,0
29,3d geometry,mathematics,0.3,0.3418217433888345,0.25,6.0,5,10,0
29,3d geometry,mathematics,0.3,0.25180924104657637,0.2,6.8,6,26,1
29,3d geometry,mathematics,0.6,0.6382721033508277,0.4,10.0,7,7,0
29,3d geometry,mathematics,0.3,0.3523671846765451,0.4,9.571428571428571,8,4,0
29,3d geometry,mathematics,0.3,0.2541103017689907,0.2,8.875,9,3,0
29,3d geometry,mathematics,0.3,0.23476032881392123,0.2,8.222222222222221,10,4,1
29,anatomy of flowering plants,biology,0.5,0.3,0.4,7.8,11,4,1
29,anatomy of flowering plants,biology,0.5,0.6853932584269663,0.4,7.454545454545454,12,9,0
29,anatomy of flowering plants,biology,0.5,0.3800738007380074,0.4,7.583333333333333,13,8,0
29,anatomy of flowering plants,biology,0.5,0.260454878943507,0.4,7.615384615384615,14,6,0
29,anatomy of flowering plants,biology,0.5,0.23588123815540113,0.4,7.5,15,6,0
29,anatomy of flowering plants,biology,0.5,0.2316259766658903,0.2,7.4,16,8,0
29,anatomy of flowering plants,biology,0.5,0.23091215440534935,0.0,7.4375,17,6,1
29,anatomy of flowering plants,biology,0.5,0.6155453671405074,0.2,7.352941176470588,18,8,0
29,anatomy of flowering plants,biology,0.5,0.340738099725898,0.2,7.388888888888889,19,6,0
29,anatomy of flowering plants,biology,0.5,0.2515761671242024,0.2,7.315789473684211,20,6,1
29,quadratic equations,mathematics,0.3,0.3,0.4,7.25,21,30,1
29,quadratic equations,mathematics,0.3,0.6853932584269663,0.6,8.333333333333334,22,30,1
29,quadratic equations,mathematics,0.3,0.9095315024232634,0.6,9.318181818181818,23,30,0
29,quadratic equations,mathematics,0.3,0.6581892166836218,0.6,10.217391304347826,24,30,0
29,quadratic equations,mathematics,0.3,0.36343542784970023,0.6,11.041666666666666,25,30,0
29,quadratic equations,mathematics,0.3,0.25659148177739544,0.4,11.8,26,30,1
29,sets and relations,mathematics,0.5,0.3,0.4,12.5,27,30,0
29,sets and relations,mathematics,0.5,0.24324324324324326,0.2,13.148148148148149,28,30,0
29,sets and relations,mathematics,0.5,0.2328767123287671,0.2,13.75,29,30,0
29,sets and relations,mathematics,0.5,0.23112128146453093,0.2,14.310344827586206,30,30,0
29,sets and relations,mathematics,0.5,0.23082792827165205,0.2,14.833333333333334,31,30,0
29,sets and relations,mathematics,0.5,0.23077901430842607,0.0,15.32258064516129,32,30,0
29,sets and relations,mathematics,0.5,0.2307708613763792,0.0,15.78125,33,30,0
29,trigonometry,mathematics,0.3,0.3,0.0,16.21212121212121,34,30,0
29,trigonometry,mathematics,0.3,0.24324324324324326,0.0,16.61764705882353,35,30,0
29,trigonometry,mathematics,0.3,0.2328767123287671,0.0,17.0,36,30,0
29,trigonometry,mathematics,0.3,0.23112128146453093,0.0,17.36111111111111,37,30,0
29,trigonometry,mathematics,0.3,0.23082792827165205,0.0,17.7027027027027,38,30,0
29,trigonometry,mathematics,0.3,0.23077901430842607,0.0,18.026315789473685,39,30,0
29,trigonometry,mathematics,0.3,0.2307708613763792,0.0,18.333333333333332,40,30,0
29,trigonometry,mathematics,0.3,0.23076950253756892,0.0,18.625,41,30,0
29,trigonometry,mathematics,0.3,0.23076927606396713,0.0,18.902439024390244,42,30,1
29,trigonometry,mathematics,0.3,0.61538466634119,0.2,19.166666666666668,43,30,0
30,vector algebra,mathematics,0.3,0.3,,,1,30,0
30,vector algebra,mathematics,0.3,0.24324324324324326,0.0,30.0,2,30,0
30,vector algebra,mathematics,0.3,0.2328767123287671,0.0,30.0,3,30,0
30,vector algebra,mathematics,0.3,0.23112128146453093,0.0,30.0,4,30,0
30,vector algebra,mathematics,0.3,0.23082792827165205,0.0,30.0,5,30,0
30,vector algebra,mathematics,0.3,0.23077901430842607,0.0,30.0,6,30,1
30,vector algebra,mathematics,0.3,0.6153956216912291,0.2,30.0,7,30,0
30,vector algebra,mathematics,0.3,0.340664731613589,0.2,30.0,8,30,1
30,quadratic equations,mathematics,0.3,0.3,0.4,30.0,9,30,1
30,quadratic equations,mathematics,0.4,0.6853932584269663,0.6,30.0,10,30,0
30,quadratic equations,mathematics,0.6,0.3800738007380074,0.6,30.0,11,30,1
30,quadratic equations,mathematics,0.9,0.7505567928730512,0.6,30.0,12,30,0
30,quadratic equations,mathematics,0.6,0.4290569243840272,0.6,30.0,13,30,1
30,quadratic equations,mathematics,0.6,0.7840963855421687,0.6,30.0,14,30,1
30,quadratic equations,mathematics,0.5,0.9431580282941064,0.6,30.0,15,30,0
30,quadratic equations,mathematics,0.5,0.7509612266641961,0.6,30.0,16,30,1
30,quadratic equations,mathematics,0.5,0.9325212283245157,0.6,30.0,17,30,0
30,quadratic equations,mathematics,0.5,0.7185671844939733,0.6,30.0,18,30,1
30,quadratic equations,mathematics,0.5,0.9215046404029896,0.6,30.0,19,30,1
30,trigonometry,mathematics,0.3,0.3,0.6,30.0,20,30,0
30,trigonometry,mathematics,0.3,0.24324324324324326,0.6,30.0,21,30,0
30,trigonometry,mathematics,0.3,0.2328767123287671,0.4,30.0,22,30,0
30,trigonometry,mathematics,0.3,0.23112128146453093,0.4,30.0,23,30,0
30,trigonometry,mathematics,0.3,0.23082792827165205,0.2,30.0,24,30,0
30,trigonometry,mathematics,0.3,0.23077901430842607,0.0,30.0,25,30,0
30,trigonometry,mathematics,0.3,0.2307708613763792,0.0,30.0,26,30,0
30,trigonometry,mathematics,0.3,0.23076950253756892,0.0,30.0,27,30,1
30,trigonometry,mathematics,0.3,0.6153849211238608,0.2,30.0,28,30,0
30,trigonometry,mathematics,0.3,0.34065949040926014,0.2,30.0,29,30,0
30,trigonometry,mathematics,0.3,0.2515592837188458,0.2,30.0,30,30,1
30,trigonometry,mathematics,0.3,0.6380090836272598,0.4,30.0,31,30,0
30,trigonometry,mathematics,0.4,0.3522267387154803,0.4,30.0,32,30,1
30,trigonometry,mathematics,0.6,0.7295012821403161,0.4,30.0,33,30,0
30,trigonometry,mathematics,0.5,0.41158444268590244,0.4,30.0,34,30,0
30,trigonometry,mathematics,0.6,0.26824620754440953,0.4,30.0,35,30,0
30,trigonometry,mathematics,0.6,0.23727971979841414,0.2,30.0,36,30,0
30,trigonometry,mathematics,0.9,0.23186201974730203,0.2,30.0,37,30,0
30,trigonometry,mathematics,0.6,0.23095157813837078,0.0,30.0,38,30,0
30,trigonometry,mathematics,0.6,0.23079962800218087,0.0,30.0,39,30,1
30,trigonometry,mathematics,0.6,0.6154188105825952,0.2,30.0,40,30,0
30,trigonometry,mathematics,0.6,0.3406760903914368,0.2,30.0,41,30,1
30,trigonometry,mathematics,0.6,0.7202932858651547,0.4,30.0,42,30,0
30,trigonometry,mathematics,0.6,0.404476749860031,0.4,30.0,43,30,0
30,trigonometry,mathematics,0.6,0.26643152704677114,0.4,30.0,44,30,1
30,trigonometry,mathematics,0.6,0.6533070470804577,0.4,30.0,45,30,0
30,complex numbers,mathematics,0.3,0.3,0.4,30.0,46,30,0
30,complex numbers,mathematics,0.3,0.24324324324324326,0.2,30.0,47,30,0
30,complex numbers,mathematics,0.3,0.2328767123287671,0.2,30.0,48,30,0
30,complex numbers,mathematics,0.3,0.23112128146453093,0.2,30.0,49,30,0
30,complex numbers,mathematics,0.3,0.23082792827165205,0.0,30.0,50,30,1
30,complex numbers,mathematics,0.3,0.6154506437768241,0.2,30.0,51,30,0
30,complex numbers,mathematics,0.3,0.34069168506254605,0.2,30.0,52,30,0
30,complex numbers,mathematics,0.3,0.2515661979674231,0.2,30.0,53,30,1
30,complex numbers,mathematics,0.3,0.638016361983638,0.4,30.0,54,30,0
30,sequence and series,mathematics,0.5,0.3,0.4,30.0,55,30,0
30,sequence and series,mathematics,0.5,0.24324324324324326,0.2,30.0,56,30,0
30,sequence and series,mathematics,0.5,0.2328767123287671,0.2,30.0,57,30,0
30,sequence and series,mathematics,0.5,0.23112128146453093,0.2,30.0,58,30,0
30,sequence and series,mathematics,0.5,0.23082792827165205,0.0,30.0,59,30,0
30,sequence and series,mathematics,0.5,0.23077901430842607,0.0,30.0,60,30,1
31,units and dimensions,physics,0.5,0.3,,,1,30,1
31,quadratic equations,mathematics,0.3,0.3,1.0,30.0,2,30,1
31,quadratic equations,math,0.4,0.6853932584269663,1.0,30.0,3,10,1
31,quadratic equations,mathematics,0.9,0.9095315024232634,1.0,23.333333333333332,4,30,0
32,differential equations,mathematics,0.5,0.3,,,1,30,0
32,differential equations,mathematics,0.5,0.24324324324324326,0.0,30.0,2,30,0
32,differential equations,mathematics,0.5,0.2328767123287671,0.0,30.0,3,30,0
32,differential equations,mathematics,0.5,0.23112128146453093,0.0,30.0,4,30,0
32,differential equations,mathematics,0.5,0.23082792827165205,0.0,30.0,5,30,0
32,differential equations,mathematics,0.5,0.23077901430842607,0.0,30.0,6,30,0
32,differential equations,mathematics,0.5,0.2307708613763792,0.0,30.0,7,30,0
32,differential equations,mathematics,0.5,0.23076950253756892,0.0,30.0,8,30,0
32,differential equations,mathematics,0.5,0.23076927606396713,0.0,30.0,9,30,0
32,quadratic equations,mathematics,0.3,0.3,0.0,30.0,10,30,0
32,trigonometry,mathematics,0.3,0.3,0.0,30.0,11,30,0
32,calculus,mathematics,0.3,0.3,0.0,30.0,12,30,0
32,atoms and nuclei,physics,0.3,0.3,0.0,30.0,13,30,0
32,probability,mathematics,0.3,0.3,0.0,30.0,14,30,1
32,atoms and nuclei,physics,0.3,0.24324324324324326,0.2,30.0,15,30,0
32,atoms and nuclei,physics,0.3,0.2328767123287671,0.2,30.0,16,30,0
32,thermodynamics,physics,0.3,0.3,0.2,30.0,17,30,1
32,modern physics,physics,0.3,0.3,0.4,30.0,18,30,0
32,equilibrium,chemistry,0.3,0.3,0.4,30.0,19,30,1
32,hydrogen,chemistry,0.3,0.3,0.4,30.0,20,30,0
32,organic chemistry,chemistry,0.3,0.3,0.4,30.0,21,30,0
34,application of derivatives,mathematics,0.3,0.3,,,1,30,0
34,application of derivatives,mathematics,0.3,0.24324324324324326,0.0,30.0,2,30,0
34,application of derivatives,mathematics,0.3,0.2328767123287671,0.0,30.0,3,30,0
35,ecosystem,biology,0.5,0.3,,,1,30,1
35,ecosystem,biology,0.5,0.6853932584269663,1.0,30.0,2,30,1
35,ecosystem,biology,0.5,0.9095315024232634,1.0,30.0,3,30,1
35,ecosystem,biology,0.5,0.978490493566353,1.0,30.0,4,30,1
35,ecosystem,biology,0.5,0.9951446840793323,1.0,30.0,5,30,1
35,ecosystem,biology,0.5,0.998917244096201,1.0,30.0,6,30,1
35,ecosystem,biology,0.5,0.9997591992730828,1.0,30.0,7,30,1
35,ecosystem,biology,0.5,0.9999464794194999,1.0,30.0,8,30,1
35,ecosystem,biology,0.5,0.999988106077922,1.0,30.0,9,30,0
35,ecosystem,biology,0.5,0.9999286419842554,0.8,30.0,10,30,1
