feature,mean_abs_shap
current_mastery,0.55716765
avg_time_this_student,0.5371072
topic_grouped_quadratic equations,0.25597563
difficulty,0.23326764
topic_grouped_ecosystem,0.2041492
recent_accuracy,0.19065359
attempt_number,0.17627892
time_taken_seconds,0.16437835
topic_grouped_3d geometry,0.10596177
topic_grouped_other,0.017201394
topic_grouped_magnetism,0.012642327
topic_grouped_anatomy of flowering plants,0.004000075
topic_grouped_complex numbers,0.0
topic_grouped_cell biology,0.0
topic_grouped_haloalkanes and haloarenes,0.0
topic_grouped_rotational motion,0.0
topic_grouped_trigonometry,0.0
topic_grouped_waves,0.0
