student_id,topic,subject,attempt_number,is_correct,predicted_prob_correct,base_value,factor_1_feature,factor_1_value,factor_1_shap,factor_1_direction,factor_2_feature,factor_2_value,factor_2_shap,factor_2_direction,factor_3_feature,factor_3_value,factor_3_shap,factor_3_direction
1,quadratic equations,math,1,1,0.7403,0.0012,topic_grouped_quadratic equations,True,0.7673,toward correct,avg_time_this_student,,-0.6629,toward incorrect,current_mastery,0.3,0.4793,toward correct
1,quadratic equations,math,2,1,0.7336,0.0012,topic_grouped_quadratic equations,True,0.6144,toward correct,recent_accuracy,1.0,0.606,toward correct,avg_time_this_student,45.0,-0.5803,toward incorrect
1,quadratic equations,math,3,0,0.3738,0.0012,current_mastery,0.9095315024232634,-0.7675,toward incorrect,avg_time_this_student,45.0,-0.5983,toward incorrect,topic_grouped_quadratic equations,True,0.5861,toward correct
1,quadratic equations,math,4,0,0.27,0.0012,recent_accuracy,0.6666666666666666,-0.8641,toward incorrect,topic_grouped_quadratic equations,True,0.6144,toward correct,avg_time_this_student,40.0,-0.5983,toward incorrect
1,quadratic equations,math,5,0,0.4343,0.0012,avg_time_this_student,37.5,-0.6437,toward incorrect,topic_grouped_quadratic equations,True,0.5363,toward correct,difficulty,0.4,0.1659,toward correct
1,quadratic equations,math,6,0,0.4105,0.0012,avg_time_this_student,36.0,-1.0075,toward incorrect,topic_grouped_quadratic equations,True,0.5363,toward correct,current_mastery,0.2565914817773954,0.4736,toward correct
1,quadratic equations,math,7,0,0.354,0.0012,topic_grouped_quadratic equations,True,0.6986,toward correct,current_mastery,0.2351967964592444,-0.5605,toward incorrect,avg_time_this_student,35.0,-0.3495,toward incorrect
2,quadratic equations,math,1,1,0.7202,0.0012,topic_grouped_quadratic equations,True,0.7673,toward correct,avg_time_this_student,,-0.7157,toward incorrect,current_mastery,0.3,0.4803,toward correct
3,quadratic equations,math,1,0,0.7202,0.0012,topic_grouped_quadratic equations,True,0.7673,toward correct,avg_time_this_student,,-0.7157,toward incorrect,current_mastery,0.3,0.4803,toward correct
4,quadratic equations,math,1,0,0.7202,0.0012,topic_grouped_quadratic equations,True,0.7673,toward correct,avg_time_this_student,,-0.7157,toward incorrect,current_mastery,0.3,0.4803,toward correct
5,quadratic equations,math,1,0,0.7202,0.0012,topic_grouped_quadratic equations,True,0.7673,toward correct,avg_time_this_student,,-0.7157,toward incorrect,current_mastery,0.3,0.4803,toward correct
6,quadratic equations,math,1,0,0.6534,0.0012,avg_time_this_student,,-1.0151,toward incorrect,topic_grouped_quadratic equations,True,0.6889,toward correct,current_mastery,0.3,0.4467,toward correct
7,quadratic equations,math,1,1,0.7027,0.0012,avg_time_this_student,,-0.9785,toward incorrect,topic_grouped_quadratic equations,True,0.6889,toward correct,current_mastery,0.3,0.449,toward correct
7,quadratic equations,math,2,1,0.8415,0.0012,recent_accuracy,1.0,0.8002,toward correct,current_mastery,0.6853932584269663,-0.6928,toward incorrect,topic_grouped_quadratic equations,True,0.638,toward correct
8,quadratic equations,math,1,1,0.6534,0.0012,avg_time_this_student,,-1.0151,toward incorrect,topic_grouped_quadratic equations,True,0.6889,toward correct,current_mastery,0.3,0.4467,toward correct
8,quadratic equations,math,2,1,0.5137,0.0012,avg_time_this_student,4.0,-0.9529,toward incorrect,recent_accuracy,1.0,0.8002,toward correct,current_mastery,0.6853932584269663,-0.6975,toward incorrect
8,quadratic equations,math,3,0,0.121,0.0012,current_mastery,0.9095315024232634,-1.5938,toward incorrect,avg_time_this_student,5.0,-1.1172,toward incorrect,topic_grouped_quadratic equations,True,0.3836,toward correct
8,quadratic equations,math,4,0,0.1153,0.0012,current_mastery,0.6581892166836218,-1.0007,toward incorrect,avg_time_this_student,4.666666666666667,-0.9523,toward incorrect,recent_accuracy,0.6666666666666666,-0.6917,toward incorrect
8,quadratic equations,math,5,0,0.1883,0.0012,avg_time_this_student,4.75,-1.0289,toward incorrect,current_mastery,0.3634354278497002,-0.6065,toward incorrect,topic_grouped_quadratic equations,True,0.5589,toward correct
8,quadratic equations,math,6,0,0.6899,0.0012,topic_grouped_quadratic equations,True,0.6986,toward correct,current_mastery,0.2565914817773954,0.568,toward correct,avg_time_this_student,15.8,-0.129,toward incorrect
9,quadratic equations,math,1,0,0.1795,0.0012,avg_time_this_student,,-1.773,toward incorrect,difficulty,0.25,-0.8153,toward incorrect,topic_grouped_quadratic equations,True,0.6889,toward correct
9,quadratic equations,math,2,1,0.9017,0.0012,avg_time_this_student,3.0,0.9802,toward correct,topic_grouped_quadratic equations,True,0.5599,toward correct,difficulty,0.4,0.4723,toward correct
9,quadratic equations,math,3,1,0.6325,0.0012,current_mastery,0.6291390728476821,-0.9017,toward incorrect,avg_time_this_student,6.5,0.6324,toward correct,topic_grouped_quadratic equations,True,0.5161,toward correct
9,quadratic equations,math,4,0,0.2753,0.0012,current_mastery,0.8874371859296482,-0.7,toward incorrect,topic_grouped_quadratic equations,True,0.6187,toward correct,recent_accuracy,0.6666666666666666,-0.6136,toward incorrect
9,quadratic equations,math,5,1,0.708,0.0012,topic_grouped_quadratic equations,True,0.6986,toward correct,difficulty,0.55,0.2621,toward correct,recent_accuracy,0.5,0.1314,toward correct
10,life processes,science,1,0,0.0616,0.0012,avg_time_this_student,,-1.6959,toward incorrect,difficulty,0.25,-0.8316,toward incorrect,current_mastery,0.3,0.3799,toward correct
10,life processes,science,2,1,0.7645,0.0012,avg_time_this_student,6.0,1.3367,toward correct,current_mastery,0.2432432432432432,0.2742,toward correct,difficulty,0.25,-0.1416,toward incorrect
10,life processes,science,3,0,0.588,0.0012,avg_time_this_student,8.0,0.7618,toward correct,current_mastery,0.6291390728476821,-0.6343,toward incorrect,recent_accuracy,0.5,0.1696,toward correct
10,life processes,science,4,1,0.8155,0.0012,avg_time_this_student,8.333333333333334,1.2589,toward correct,current_mastery,0.3475728155339806,0.6879,toward correct,difficulty,0.25,-0.1325,toward incorrect
10,life processes,science,5,1,0.606,0.0012,avg_time_this_student,8.5,0.8808,toward correct,current_mastery,0.7258261933904528,-0.6484,toward incorrect,recent_accuracy,0.5,0.189,toward correct
11,quadratic equations,mathematics,1,0,0.7015,0.0012,topic_grouped_quadratic equations,True,0.7673,toward correct,avg_time_this_student,,-0.7515,toward incorrect,current_mastery,0.3,0.4609,toward correct
11,quadratic equations,mathematics,2,0,0.677,0.0012,topic_grouped_quadratic equations,True,0.6032,toward correct,time_taken_seconds,4,0.4893,toward correct,avg_time_this_student,12.0,-0.3589,toward incorrect
12,coordinate geometry,mathematics,1,0,0.3355,0.0012,avg_time_this_student,,-0.9415,toward incorrect,current_mastery,0.3,0.3929,toward correct,difficulty,0.5,0.3174,toward correct
13,laws of motion,physics,1,0,0.0691,0.0012,avg_time_this_student,,-1.9103,toward incorrect,difficulty,0.3,-0.8312,toward incorrect,current_mastery,0.3,0.39,toward correct
13,laws of motion,physics,2,1,0.8372,0.0012,avg_time_this_student,3.0,0.8379,toward correct,difficulty,0.4,0.4548,toward correct,current_mastery,0.2432432432432432,0.2986,toward correct
13,laws of motion,physics,3,1,0.587,0.0012,current_mastery,0.6291390728476821,-0.774,toward incorrect,avg_time_this_student,3.0,0.5382,toward correct,difficulty,0.5,0.4264,toward correct
13,laws of motion,physics,4,0,0.122,0.0012,current_mastery,0.8874371859296482,-1.2112,toward incorrect,recent_accuracy,0.6666666666666666,-0.7832,toward incorrect,avg_time_this_student,3.6666666666666665,-0.422,toward incorrect
16,cell biology,biology,1,0,0.0851,0.0012,avg_time_this_student,,-1.869,toward incorrect,difficulty,0.3,-0.8312,toward incorrect,current_mastery,0.3,0.4128,toward correct
16,cell biology,biology,2,0,0.4418,0.0012,difficulty,0.3,-0.7205,toward incorrect,current_mastery,0.2432432432432432,0.2907,toward correct,time_taken_seconds,3,0.2686,toward correct
16,cell biology,biology,3,1,0.8091,0.0012,avg_time_this_student,2.5,0.9239,toward correct,difficulty,0.5,0.4144,toward correct,time_taken_seconds,4,0.3292,toward correct
16,cell biology,biology,4,0,0.3575,0.0012,current_mastery,0.6177474402730375,-1.1417,toward incorrect,difficulty,0.5,0.4268,toward correct,recent_accuracy,0.3333333333333333,-0.3479,toward incorrect
16,cell biology,biology,5,1,0.9019,0.0012,current_mastery,0.3418217433888345,0.8671,toward correct,avg_time_this_student,3.0,0.7564,toward correct,difficulty,0.7,0.5863,toward correct
16,cell biology,biology,6,1,0.295,0.0012,current_mastery,0.7212196639701307,-1.1835,toward incorrect,avg_time_this_student,3.0,0.4549,toward correct,difficulty,0.5,0.4264,toward correct
16,cell biology,biology,7,0,0.1546,0.0012,avg_time_this_student,3.8333333333333335,-0.9167,toward incorrect,current_mastery,0.9224309583585836,-0.8569,toward incorrect,difficulty,0.5,0.2118,toward correct
16,cell biology,biology,8,0,0.15,0.0012,current_mastery,0.690589928057554,-0.9112,toward incorrect,avg_time_this_student,4.0,-0.8887,toward incorrect,difficulty,0.5,0.2118,toward correct
16,cell biology,biology,9,0,0.0887,0.0012,avg_time_this_student,4.125,-1.1124,toward incorrect,current_mastery,0.3834744547869799,-0.9871,toward incorrect,recent_accuracy,0.4,-0.35,toward incorrect
16,cell biology,biology,10,1,0.6451,0.0012,current_mastery,0.2612650439150632,0.7457,toward correct,difficulty,0.5,0.2096,toward correct,topic_grouped_quadratic equations,False,-0.1426,toward incorrect
17,complex numbers,mathematics,1,0,0.3901,0.0012,avg_time_this_student,,-1.1478,toward incorrect,current_mastery,0.3,0.4447,toward correct,difficulty,0.4,0.4075,toward correct
17,complex numbers,mathematics,2,1,0.8657,0.0012,avg_time_this_student,3.0,0.8778,toward correct,difficulty,0.6,0.6003,toward correct,current_mastery,0.2432432432432432,0.3753,toward correct
18,trigonometry,mathematics,1,0,0.0616,0.0012,avg_time_this_student,,-1.6913,toward incorrect,difficulty,0.3,-0.8317,toward incorrect,current_mastery,0.3,0.4003,toward correct
18,trigonometry,mathematics,2,0,0.2637,0.0012,avg_time_this_student,5.0,-0.4863,toward incorrect,difficulty,0.3,-0.4179,toward incorrect,current_mastery,0.2432432432432432,0.2969,toward correct
18,trigonometry,mathematics,3,0,0.1912,0.0012,difficulty,0.3,-0.4179,toward incorrect,avg_time_this_student,5.0,-0.4125,toward incorrect,topic_grouped_quadratic equations,False,-0.1417,toward incorrect
18,trigonometry,mathematics,4,1,0.3909,0.0012,topic_grouped_quadratic equations,False,-0.1967,toward incorrect,topic_grouped_ecosystem,False,-0.1147,toward incorrect,time_taken_seconds,9,0.1039,toward correct
18,trigonometry,mathematics,5,0,0.3485,0.0012,current_mastery,0.6157804459691253,-0.6891,toward incorrect,time_taken_seconds,4,0.5188,toward correct,recent_accuracy,0.25,-0.362,toward incorrect
18,trigonometry,mathematics,6,0,0.4713,0.0012,current_mastery,0.3408533594899461,0.5735,toward correct,topic_grouped_quadratic equations,False,-0.1786,toward incorrect,avg_time_this_student,9.4,-0.133,toward incorrect
18,trigonometry,mathematics,7,1,0.9143,0.0012,avg_time_this_student,8.666666666666666,1.3828,toward correct,current_mastery,0.2516009280742459,0.6367,toward correct,time_taken_seconds,3,0.6333,toward correct
18,trigonometry,mathematics,8,1,0.5773,0.0012,avg_time_this_student,7.857142857142857,0.9008,toward correct,current_mastery,0.6380529186023025,-0.8947,toward incorrect,time_taken_seconds,3,0.5725,toward correct
18,trigonometry,mathematics,9,0,0.2183,0.0012,current_mastery,0.8911002400413235,-1.2324,toward incorrect,difficulty,0.9,-0.7798,toward incorrect,avg_time_this_student,7.25,0.772,toward correct
18,trigonometry,mathematics,10,0,0.23,0.0012,current_mastery,0.6174142010781574,-1.2856,toward incorrect,avg_time_this_student,7.0,0.7572,toward correct,recent_accuracy,0.4,-0.4456,toward incorrect
20,quadratic equations,mathematics,1,0,0.1795,0.0012,avg_time_this_student,,-1.773,toward incorrect,difficulty,0.3,-0.8153,toward incorrect,topic_grouped_quadratic equations,True,0.6889,toward correct
20,quadratic equations,mathematics,2,1,0.6074,0.0012,avg_time_this_student,4.0,-0.5648,toward incorrect,topic_grouped_quadratic equations,True,0.4635,toward correct,current_mastery,0.2432432432432432,0.3302,toward correct
20,quadratic equations,mathematics,3,0,0.2124,0.0012,avg_time_this_student,4.0,-1.096,toward incorrect,current_mastery,0.6291390728476821,-1.0393,toward incorrect,topic_grouped_quadratic equations,True,0.4635,toward correct
20,quadratic equations,mathematics,4,1,0.8732,0.0012,current_mastery,0.3475728155339806,0.9238,toward correct,topic_grouped_quadratic equations,True,0.5589,toward correct,difficulty,0.6,0.5121,toward correct
20,quadratic equations,mathematics,5,0,0.2999,0.0012,difficulty,0.9,-1.0605,toward incorrect,current_mastery,0.7258261933904528,-0.6923,toward incorrect,avg_time_this_student,8.0,0.6211,toward correct
21,indefinite integration,mathematics,1,0,0.3355,0.0012,avg_time_this_student,,-0.9414,toward incorrect,current_mastery,0.3,0.3929,toward correct,difficulty,0.5,0.3175,toward correct
21,indefinite integration,mathematics,2,1,0.8054,0.0012,avg_time_this_student,7.0,1.3843,toward correct,current_mastery,0.2432432432432432,0.2536,toward correct,topic_grouped_quadratic equations,False,-0.1141,toward incorrect
21,indefinite integration,mathematics,3,0,0.6622,0.0012,avg_time_this_student,6.0,0.7478,toward correct,current_mastery,0.6291390728476821,-0.7454,toward incorrect,time_taken_seconds,4,0.3447,toward correct
21,indefinite integration,mathematics,4,1,0.6978,0.0012,current_mastery,0.3475728155339806,0.7913,toward correct,difficulty,0.5,0.2189,toward correct,avg_time_this_student,5.333333333333333,0.1564,toward correct
21,indefinite integration,mathematics,5,1,0.6157,0.0012,avg_time_this_student,5.75,0.8078,toward correct,current_mastery,0.7258261933904528,-0.6626,toward incorrect,recent_accuracy,0.5,0.189,toward correct
21,indefinite integration,mathematics,6,1,0.6435,0.0012,avg_time_this_student,5.8,0.8061,toward correct,current_mastery,0.9240291673732406,-0.5682,toward incorrect,recent_accuracy,0.6,0.1899,toward correct
21,indefinite integration,mathematics,7,0,0.4206,0.0012,recent_accuracy,0.8,-0.7799,toward incorrect,current_mastery,0.9821375171946332,-0.7366,toward incorrect,avg_time_this_student,5.666666666666667,0.667,toward correct
21,haloalkanes and haloarenes,chemistry,8,1,0.7231,0.0012,current_mastery,0.3,0.7107,toward correct,time_taken_seconds,4,0.2848,toward correct,difficulty,0.5,0.2134,toward correct
21,haloalkanes and haloarenes,chemistry,9,0,0.0598,0.0012,avg_time_this_student,5.25,-1.0988,toward incorrect,current_mastery,0.6853932584269663,-0.9181,toward incorrect,recent_accuracy,0.8,-0.8049,toward incorrect
21,haloalkanes and haloarenes,chemistry,10,1,0.232,0.0012,avg_time_this_student,5.111111111111111,-0.9169,toward incorrect,current_mastery,0.3800738007380074,-0.7486,toward incorrect,time_taken_seconds,4,0.2457,toward correct
21,haloalkanes and haloarenes,chemistry,11,0,0.2031,0.0012,current_mastery,0.7505567928730512,-0.9317,toward incorrect,avg_time_this_student,5.0,-0.8677,toward incorrect,time_taken_seconds,4,0.2132,toward correct
21,haloalkanes and haloarenes,chemistry,12,0,0.1239,0.0012,current_mastery,0.4290569243840272,-0.9871,toward incorrect,avg_time_this_student,4.909090909090909,-0.9125,toward incorrect,recent_accuracy,0.4,-0.35,toward incorrect
21,haloalkanes and haloarenes,chemistry,13,1,0.6617,0.0012,current_mastery,0.272858431018936,0.8281,toward correct,avg_time_this_student,4.833333333333333,-0.36,toward incorrect,time_taken_seconds,4,0.2462,toward correct
21,haloalkanes and haloarenes,chemistry,14,0,0.1074,0.0012,current_mastery,0.6597037599696165,-1.1802,toward incorrect,avg_time_this_student,4.769230769230769,-0.8561,toward incorrect,recent_accuracy,0.4,-0.3766,toward incorrect
21,haloalkanes and haloarenes,chemistry,15,0,0.1239,0.0012,current_mastery,0.3643135863781483,-0.9788,toward incorrect,avg_time_this_student,4.714285714285714,-0.9125,toward incorrect,recent_accuracy,0.4,-0.35,toward incorrect
21,haloalkanes and haloarenes,chemistry,16,0,0.652,0.0012,current_mastery,0.2567913181723923,0.743,toward correct,avg_time_this_student,4.666666666666667,-0.3409,toward incorrect,time_taken_seconds,4,0.2462,toward correct
21,haloalkanes and haloarenes,chemistry,17,0,0.4489,0.0012,time_taken_seconds,4,0.3068,toward correct,avg_time_this_student,4.625,-0.2209,toward incorrect,difficulty,0.5,0.21,toward correct
22,rotational motion,physics,1,0,0.0691,0.0012,avg_time_this_student,,-1.9056,toward incorrect,difficulty,0.3,-0.8312,toward incorrect,current_mastery,0.3,0.4104,toward correct
22,rotational motion,physics,2,0,0.3174,0.0012,difficulty,0.3,-0.8616,toward incorrect,current_mastery,0.2432432432432432,0.3423,toward correct,topic_grouped_quadratic equations,False,-0.1417,toward incorrect
22,rotational motion,physics,3,0,0.1845,0.0012,current_mastery,0.2328767123287671,-0.4952,toward incorrect,avg_time_this_student,27.5,-0.2549,toward incorrect,time_taken_seconds,28,-0.2118,toward incorrect
22,rotational motion,physics,4,0,0.2974,0.0012,avg_time_this_student,27.666666666666668,-0.2348,toward incorrect,current_mastery,0.2311212814645309,-0.1945,toward incorrect,topic_grouped_quadratic equations,False,-0.1786,toward incorrect
22,rotational motion,physics,5,0,0.266,0.0012,current_mastery,0.230827928271652,-0.2807,toward incorrect,avg_time_this_student,22.0,-0.2348,toward incorrect,topic_grouped_quadratic equations,False,-0.1967,toward incorrect
22,rotational motion,physics,6,1,0.7665,0.0012,current_mastery,0.230779014308426,0.86,toward correct,time_taken_seconds,4,0.7069,toward correct,topic_grouped_quadratic equations,False,-0.1739,toward incorrect
22,rotational motion,physics,7,1,0.563,0.0012,time_taken_seconds,4,0.6781,toward correct,recent_accuracy,0.2,-0.339,toward incorrect,difficulty,0.6,0.2355,toward correct
22,rotational motion,physics,8,0,0.1483,0.0012,current_mastery,0.8816614937594929,-0.9888,toward incorrect,difficulty,0.9,-0.8247,toward incorrect,time_taken_seconds,4,0.5402,toward correct
22,rotational motion,physics,9,0,0.2492,0.0012,recent_accuracy,0.4,-0.4217,toward incorrect,current_mastery,0.5986711955507448,-0.3587,toward incorrect,difficulty,0.6,0.235,toward correct
22,rotational motion,physics,10,0,0.6672,0.0012,current_mastery,0.3327196185314288,0.7453,toward correct,time_taken_seconds,4,0.5645,toward correct,topic_grouped_quadratic equations,False,-0.1739,toward incorrect
22,circles,mathematics,11,0,0.3918,0.0012,current_mastery,0.3,0.621,toward correct,avg_time_this_student,11.5,-0.4895,toward incorrect,topic_grouped_quadratic equations,False,-0.1817,toward incorrect
22,circles,mathematics,12,0,0.2286,0.0012,avg_time_this_student,10.909090909090908,-0.5179,toward incorrect,recent_accuracy,0.2,-0.1966,toward incorrect,topic_grouped_quadratic equations,False,-0.1817,toward incorrect
22,circles,mathematics,13,0,0.2216,0.0012,avg_time_this_student,10.416666666666666,-0.4708,toward incorrect,current_mastery,0.2328767123287671,-0.2612,toward incorrect,topic_grouped_quadratic equations,False,-0.1817,toward incorrect
22,circles,mathematics,14,0,0.2654,0.0012,avg_time_this_student,10.0,-0.4707,toward incorrect,topic_grouped_quadratic equations,False,-0.1997,toward incorrect,attempt_number,14,-0.1543,toward incorrect
22,3d geometry,mathematics,15,0,0.1906,0.0012,topic_grouped_3d geometry,True,-0.8391,toward incorrect,current_mastery,0.3,0.3679,toward correct,avg_time_this_student,9.785714285714286,-0.2631,toward incorrect
22,3d geometry,mathematics,16,0,0.2037,0.0012,topic_grouped_3d geometry,True,-0.6491,toward incorrect,topic_grouped_quadratic equations,False,-0.1817,toward incorrect,avg_time_this_student,9.533333333333331,-0.1575,toward incorrect
23,electromagnetic induction,physics,1,0,0.0742,0.0012,avg_time_this_student,,-1.6186,toward incorrect,difficulty,0.3,-0.8316,toward incorrect,current_mastery,0.3,0.4042,toward correct
24,optics,physics,1,0,0.0851,0.0012,avg_time_this_student,,-1.8736,toward incorrect,difficulty,0.3,-0.8312,toward incorrect,time_taken_seconds,2,0.3988,toward correct
24,optics,physics,2,0,0.4418,0.0012,difficulty,0.3,-0.7205,toward incorrect,time_taken_seconds,3,0.2686,toward correct,current_mastery,0.2432432432432432,0.2563,toward correct
25,simple harmonic motion,physics,1,0,0.3355,0.0012,avg_time_this_student,,-0.9415,toward incorrect,current_mastery,0.3,0.3929,toward correct,difficulty,0.5,0.3174,toward correct
25,simple harmonic motion,physics,2,0,0.4871,0.0012,current_mastery,0.2432432432432432,0.2994,toward correct,difficulty,0.5,0.1995,toward correct,avg_time_this_student,5.0,-0.1839,toward incorrect
25,simple harmonic motion,physics,3,0,0.5717,0.0012,avg_time_this_student,5.5,0.3262,toward correct,difficulty,0.5,0.1995,toward correct,topic_grouped_quadratic equations,False,-0.1426,toward incorrect
25,simple harmonic motion,physics,4,1,0.7954,0.0012,avg_time_this_student,5.666666666666667,1.2612,toward correct,current_mastery,0.2311212814645309,0.1969,toward correct,topic_grouped_quadratic equations,False,-0.1141,toward incorrect
25,simple harmonic motion,physics,5,0,0.1544,0.0012,current_mastery,0.6157804459691253,-1.1063,toward incorrect,recent_accuracy,0.25,-0.4368,toward incorrect,avg_time_this_student,5.5,-0.2945,toward incorrect
25,simple harmonic motion,physics,6,0,0.6978,0.0012,current_mastery,0.3408533594899461,0.7913,toward correct,difficulty,0.5,0.2189,toward correct,topic_grouped_quadratic equations,False,-0.1426,toward incorrect
25,matrices and determinants,mathematics,7,1,0.9103,0.0012,avg_time_this_student,5.666666666666667,1.1202,toward correct,current_mastery,0.3,0.7883,toward correct,time_taken_seconds,4,0.5045,toward correct
25,3d geometry,mathematics,8,0,0.2079,0.0012,topic_grouped_3d geometry,True,-0.8289,toward incorrect,current_mastery,0.3,0.5753,toward correct,difficulty,0.3,-0.4438,toward incorrect
25,3d geometry,mathematics,9,1,0.6196,0.0012,avg_time_this_student,6.125,1.3896,toward correct,topic_grouped_3d geometry,True,-0.5944,toward incorrect,current_mastery,0.2432432432432432,0.3257,toward correct
25,3d geometry,mathematics,10,0,0.0861,0.0012,current_mastery,0.6291390728476821,-1.4936,toward incorrect,topic_grouped_3d geometry,True,-0.8032,toward incorrect,avg_time_this_student,6.0,0.6464,toward correct
25,3d geometry,mathematics,11,0,0.5357,0.0012,avg_time_this_student,5.9,1.1354,toward correct,topic_grouped_3d geometry,True,-0.8313,toward incorrect,current_mastery,0.3475728155339806,0.5404,toward correct
25,3d geometry,mathematics,12,0,0.567,0.0012,avg_time_this_student,6.909090909090909,1.2877,toward correct,topic_grouped_3d geometry,True,-0.8313,toward incorrect,current_mastery,0.2530566876620971,0.5028,toward correct
25,3d geometry,mathematics,13,1,0.7925,0.0012,avg_time_this_student,7.166666666666667,1.4678,toward correct,current_mastery,0.2345757134721255,0.5844,toward correct,difficulty,0.3,-0.1443,toward incorrect
25,3d geometry,mathematics,14,0,0.1878,0.0012,current_mastery,0.6196405829913684,-1.2575,toward incorrect,topic_grouped_3d geometry,True,-0.8511,toward incorrect,avg_time_this_student,7.923076923076923,0.8175,toward correct
25,3d geometry,mathematics,15,0,0.5223,0.0012,avg_time_this_student,7.571428571428571,1.0863,toward correct,topic_grouped_3d geometry,True,-0.8313,toward incorrect,current_mastery,0.3427605036880068,0.4968,toward correct
25,3d geometry,mathematics,16,1,0.6357,0.0012,avg_time_this_student,7.4,1.3641,toward correct,topic_grouped_3d geometry,True,-0.7547,toward incorrect,current_mastery,0.2520116563990384,0.581,toward correct
25,3d geometry,mathematics,17,0,0.1206,0.0012,current_mastery,0.638484945278483,-1.528,toward incorrect,topic_grouped_3d geometry,True,-0.8511,toward incorrect,avg_time_this_student,7.25,0.695,toward correct
26,waves,physics,1,0,0.0616,0.0012,avg_time_this_student,,-1.6913,toward incorrect,difficulty,0.3,-0.8316,toward incorrect,current_mastery,0.3,0.4247,toward correct
26,waves,physics,2,1,0.3445,0.0012,avg_time_this_student,10.0,-0.1902,toward incorrect,topic_grouped_quadratic equations,False,-0.1786,toward incorrect,topic_grouped_ecosystem,False,-0.1144,toward incorrect
26,waves,physics,3,1,0.7039,0.0012,avg_time_this_student,7.5,0.903,toward correct,current_mastery,0.6291390728476821,-0.6812,toward incorrect,time_taken_seconds,4,0.474,toward correct
26,waves,physics,4,0,0.247,0.0012,current_mastery,0.8874371859296482,-1.2978,toward incorrect,recent_accuracy,0.6666666666666666,-0.7877,toward incorrect,avg_time_this_student,6.333333333333333,0.7036,toward correct
26,waves,physics,5,1,0.7518,0.0012,avg_time_this_student,5.75,0.7445,toward correct,time_taken_seconds,2,0.6305,toward correct,current_mastery,0.6099825885084154,-0.5165,toward incorrect
26,waves,physics,6,0,0.1133,0.0012,current_mastery,0.8793428494478858,-1.2742,toward incorrect,avg_time_this_student,5.0,-0.8657,toward incorrect,difficulty,0.6,0.204,toward correct
26,waves,physics,7,0,0.5463,0.0012,avg_time_this_student,5.833333333333333,0.687,toward correct,current_mastery,0.5942641509433961,-0.5766,toward incorrect,difficulty,0.6,0.2576,toward correct
26,waves,physics,8,1,0.7212,0.0012,current_mastery,0.3307050670207909,0.6808,toward correct,time_taken_seconds,4,0.6333,toward correct,topic_grouped_quadratic equations,False,-0.1739,toward incorrect
26,waves,physics,9,1,0.1765,0.0012,current_mastery,0.7121053899911639,-0.7285,toward incorrect,recent_accuracy,0.4,-0.4217,toward incorrect,topic_grouped_quadratic equations,False,-0.1786,toward incorrect
26,waves,physics,10,0,0.5162,0.0012,avg_time_this_student,8.555555555555555,1.0683,toward correct,current_mastery,0.9192292523522452,-0.9007,toward incorrect,recent_accuracy,0.6,0.1957,toward correct
27,magnetism,physics,1,0,0.107,0.0012,avg_time_this_student,,-1.7719,toward incorrect,difficulty,0.3,-0.7429,toward incorrect,current_mastery,0.3,0.4089,toward correct
27,magnetism,physics,2,1,0.4775,0.0012,difficulty,0.3,-0.6322,toward incorrect,current_mastery,0.2432432432432432,0.2835,toward correct,time_taken_seconds,3,0.2686,toward correct
27,magnetism,physics,3,0,0.4242,0.0012,current_mastery,0.6291390728476821,-1.0437,toward incorrect,difficulty,0.6,0.3774,toward correct,avg_time_this_student,2.5,0.2622,toward correct
27,magnetism,physics,4,0,0.4402,0.0012,difficulty,0.3,-0.8058,toward incorrect,current_mastery,0.3475728155339806,0.7552,toward correct,time_taken_seconds,3,0.2686,toward correct
27,magnetism,physics,5,0,0.4193,0.0012,difficulty,0.3,-0.795,toward incorrect,current_mastery,0.2530566876620971,0.6659,toward correct,time_taken_seconds,3,0.2686,toward correct
27,magnetism,physics,6,0,0.2805,0.0012,difficulty,0.3,-0.795,toward incorrect,time_taken_seconds,4,0.3436,toward correct,recent_accuracy,0.2,-0.1849,toward incorrect
27,magnetism,physics,7,0,0.2441,0.0012,difficulty,0.3,-0.5352,toward incorrect,avg_time_this_student,3.1666666666666665,-0.4224,toward incorrect,time_taken_seconds,4,0.3314,toward correct
27,magnetism,physics,8,0,0.3079,0.0012,difficulty,0.3,-0.5134,toward incorrect,avg_time_this_student,3.2857142857142856,-0.3993,toward incorrect,time_taken_seconds,3,0.3864,toward correct
27,magnetism,physics,9,0,0.4716,0.0012,current_mastery,0.2307869406044511,1.0445,toward correct,avg_time_this_student,3.25,-0.5231,toward incorrect,difficulty,0.3,-0.5119,toward incorrect
27,magnetism,physics,10,1,0.5858,0.0012,current_mastery,0.2307721824650644,1.0445,toward correct,difficulty,0.3,-0.5119,toward incorrect,avg_time_this_student,3.333333333333333,-0.3129,toward incorrect
29,3d geometry,mathematics,1,0,0.0238,0.0012,avg_time_this_student,,-1.8738,toward incorrect,topic_grouped_3d geometry,True,-0.8413,toward incorrect,difficulty,0.3,-0.8312,toward incorrect
29,3d geometry,mathematics,2,0,0.1492,0.0012,topic_grouped_3d geometry,True,-0.6467,toward incorrect,avg_time_this_student,4.0,-0.4842,toward incorrect,difficulty,0.3,-0.4179,toward incorrect
29,3d geometry,mathematics,3,1,0.8069,0.0012,avg_time_this_student,6.5,1.4675,toward correct,current_mastery,0.2328767123287671,0.5504,toward correct,topic_grouped_3d geometry,True,-0.1691,toward incorrect
29,3d geometry,mathematics,4,0,0.1141,0.0012,current_mastery,0.6177474402730375,-1.4698,toward incorrect,topic_grouped_3d geometry,True,-0.8032,toward incorrect,avg_time_this_student,6.333333333333333,0.7774,toward correct
29,3d geometry,mathematics,5,0,0.577,0.0012,avg_time_this_student,6.0,1.2209,toward correct,topic_grouped_3d geometry,True,-0.8313,toward incorrect,current_mastery,0.3418217433888345,0.515,toward correct
29,3d geometry,mathematics,6,1,0.6292,0.0012,avg_time_this_student,6.8,1.3229,toward correct,topic_grouped_3d geometry,True,-0.7547,toward incorrect,current_mastery,0.2518092410465763,0.587,toward correct
29,3d geometry,mathematics,7,0,0.0689,0.0012,current_mastery,0.6382721033508277,-0.9674,toward incorrect,topic_grouped_3d geometry,True,-0.8032,toward incorrect,recent_accuracy,0.4,-0.4127,toward incorrect
29,3d geometry,mathematics,8,0,0.4014,0.0012,topic_grouped_3d geometry,True,-0.8793,toward incorrect,time_taken_seconds,4,0.5836,toward correct,current_mastery,0.3523671846765451,0.2453,toward correct
29,3d geometry,mathematics,9,0,0.3296,0.0012,topic_grouped_3d geometry,True,-0.8793,toward incorrect,time_taken_seconds,3,0.5148,toward correct,current_mastery,0.2541103017689907,0.292,toward correct
29,3d geometry,mathematics,10,1,0.868,0.0012,avg_time_this_student,8.222222222222221,1.4328,toward correct,time_taken_seconds,4,0.5754,toward correct,current_mastery,0.2347603288139212,0.4967,toward correct
29,anatomy of flowering plants,biology,11,1,0.8484,0.0012,avg_time_this_student,7.8,0.9091,toward correct,current_mastery,0.3,0.721,toward correct,time_taken_seconds,4,0.5646,toward correct
29,anatomy of flowering plants,biology,12,0,0.1846,0.0012,current_mastery,0.6853932584269663,-1.0449,toward incorrect,recent_accuracy,0.4,-0.4447,toward incorrect,avg_time_this_student,7.454545454545454,0.3884,toward correct
29,anatomy of flowering plants,biology,13,0,0.3085,0.0012,current_mastery,0.3800738007380074,-0.7228,toward incorrect,avg_time_this_student,7.583333333333333,0.7141,toward correct,recent_accuracy,0.4,-0.4181,toward incorrect
29,anatomy of flowering plants,biology,14,0,0.683,0.0012,avg_time_this_student,7.615384615384615,0.7802,toward correct,current_mastery,0.260454878943507,0.5823,toward correct,topic_grouped_quadratic equations,False,-0.1352,toward incorrect
29,anatomy of flowering plants,biology,15,0,0.4836,0.0012,avg_time_this_student,7.5,0.9002,toward correct,current_mastery,0.2358812381554011,-0.231,toward incorrect,attempt_number,15,-0.2027,toward incorrect
29,anatomy of flowering plants,biology,16,0,0.651,0.0012,avg_time_this_student,7.4,1.3227,toward correct,recent_accuracy,0.2,-0.1889,toward incorrect,attempt_number,16,-0.1622,toward incorrect
29,anatomy of flowering plants,biology,17,1,0.7741,0.0012,avg_time_this_student,7.4375,1.3214,toward correct,current_mastery,0.2309121544053493,0.2513,toward correct,topic_grouped_quadratic equations,False,-0.1352,toward incorrect
29,anatomy of flowering plants,biology,18,0,0.2646,0.0012,current_mastery,0.6155453671405074,-1.1708,toward incorrect,avg_time_this_student,7.352941176470588,0.7321,toward correct,recent_accuracy,0.2,-0.4483,toward incorrect
29,anatomy of flowering plants,biology,19,0,0.866,0.0012,avg_time_this_student,7.388888888888889,1.1746,toward correct,current_mastery,0.340738099725898,0.8418,toward correct,attempt_number,19,0.1812,toward correct
29,anatomy of flowering plants,biology,20,1,0.8478,0.0012,avg_time_this_student,7.315789473684211,1.2027,toward correct,current_mastery,0.2515761671242024,0.7149,toward correct,attempt_number,20,0.1735,toward correct
29,quadratic equations,mathematics,21,1,0.9152,0.0012,avg_time_this_student,7.25,1.2433,toward correct,current_mastery,0.3,0.851,toward correct,topic_grouped_quadratic equations,True,0.5297,toward correct
29,quadratic equations,mathematics,22,1,0.7443,0.0012,avg_time_this_student,8.333333333333334,0.9345,toward correct,current_mastery,0.6853932584269663,-0.5669,toward incorrect,topic_grouped_quadratic equations,True,0.5297,toward correct
29,quadratic equations,mathematics,23,0,0.2638,0.0012,current_mastery,0.9095315024232634,-0.9026,toward incorrect,attempt_number,23,-0.8598,toward incorrect,topic_grouped_quadratic equations,True,0.684,toward correct
29,quadratic equations,mathematics,24,0,0.3096,0.0012,attempt_number,24,-0.8598,toward incorrect,topic_grouped_quadratic equations,True,0.7123,toward correct,current_mastery,0.6581892166836218,-0.6113,toward incorrect
29,quadratic equations,mathematics,25,0,0.3278,0.0012,attempt_number,25,-0.8548,toward incorrect,topic_grouped_quadratic equations,True,0.7123,toward correct,current_mastery,0.3634354278497002,-0.4633,toward incorrect
29,quadratic equations,mathematics,26,1,0.5941,0.0012,current_mastery,0.2565914817773954,0.7159,toward correct,topic_grouped_quadratic equations,True,0.7123,toward correct,attempt_number,26,-0.5713,toward incorrect
29,sets and relations,mathematics,27,0,0.3154,0.0012,current_mastery,0.3,0.7754,toward correct,avg_time_this_student,12.5,-0.5776,toward incorrect,attempt_number,27,-0.5376,toward incorrect
29,sets and relations,mathematics,28,0,0.1423,0.0012,avg_time_this_student,13.148148148148149,-0.7024,toward incorrect,attempt_number,28,-0.577,toward incorrect,recent_accuracy,0.2,-0.2112,toward incorrect
29,sets and relations,mathematics,29,0,0.0663,0.0012,avg_time_this_student,13.75,-0.7538,toward incorrect,attempt_number,29,-0.6519,toward incorrect,current_mastery,0.2328767123287671,-0.563,toward incorrect
29,sets and relations,mathematics,30,0,0.0725,0.0012,avg_time_this_student,14.310344827586206,-0.7538,toward incorrect,attempt_number,30,-0.6436,toward incorrect,current_mastery,0.2311212814645309,-0.4204,toward incorrect
29,sets and relations,mathematics,31,0,0.0725,0.0012,avg_time_this_student,14.833333333333334,-0.7538,toward incorrect,attempt_number,31,-0.663,toward incorrect,current_mastery,0.230827928271652,-0.4291,toward incorrect
29,sets and relations,mathematics,32,0,0.2619,0.0012,current_mastery,0.230779014308426,0.8424,toward correct,avg_time_this_student,15.32258064516129,-0.7053,toward incorrect,attempt_number,32,-0.6497,toward incorrect
29,sets and relations,mathematics,33,0,0.1075,0.0012,attempt_number,33,-0.7331,toward incorrect,avg_time_this_student,15.78125,-0.6976,toward incorrect,topic_grouped_quadratic equations,False,-0.1988,toward incorrect
29,trigonometry,mathematics,34,0,0.2905,0.0012,current_mastery,0.3,0.7722,toward correct,attempt_number,34,-0.7174,toward incorrect,avg_time_this_student,16.21212121212121,-0.3239,toward incorrect
29,trigonometry,mathematics,35,0,0.1643,0.0012,attempt_number,35,-0.7251,toward incorrect,avg_time_this_student,16.61764705882353,-0.4426,toward incorrect,topic_grouped_quadratic equations,False,-0.1988,toward incorrect
29,trigonometry,mathematics,36,0,0.0776,0.0012,attempt_number,36,-0.8,toward incorrect,avg_time_this_student,17.0,-0.494,toward incorrect,current_mastery,0.2328767123287671,-0.4632,toward incorrect
29,trigonometry,mathematics,37,0,0.0848,0.0012,attempt_number,37,-0.7917,toward incorrect,avg_time_this_student,17.36111111111111,-0.494,toward incorrect,current_mastery,0.2311212814645309,-0.3205,toward incorrect
29,trigonometry,mathematics,38,0,0.0848,0.0012,attempt_number,38,-0.8112,toward incorrect,avg_time_this_student,17.7027027027027,-0.494,toward incorrect,current_mastery,0.230827928271652,-0.3292,toward incorrect
29,trigonometry,mathematics,39,0,0.4514,0.0012,current_mastery,0.230779014308426,1.0539,toward correct,avg_time_this_student,18.026315789473685,-0.4442,toward incorrect,topic_grouped_quadratic equations,False,-0.1988,toward incorrect
29,trigonometry,mathematics,40,0,0.2336,0.0012,avg_time_this_student,18.33333333333333,-0.4325,toward incorrect,topic_grouped_quadratic equations,False,-0.1988,toward incorrect,attempt_number,40,-0.1649,toward incorrect
29,trigonometry,mathematics,41,0,0.5387,0.0012,attempt_number,41,0.869,toward correct,avg_time_this_student,18.625,-0.4229,toward incorrect,current_mastery,0.2307695025375689,0.3239,toward correct
29,trigonometry,mathematics,42,1,0.6602,0.0012,attempt_number,42,0.9489,toward correct,current_mastery,0.2307692760639671,0.4074,toward correct,topic_grouped_quadratic equations,False,-0.1988,toward incorrect
29,trigonometry,mathematics,43,0,0.0843,0.0012,current_mastery,0.61538466634119,-1.2153,toward incorrect,recent_accuracy,0.2,-0.4191,toward incorrect,attempt_number,43,-0.2532,toward incorrect
30,vector algebra,mathematics,1,0,0.0807,0.0012,avg_time_this_student,,-1.5557,toward incorrect,difficulty,0.3,-0.8316,toward incorrect,current_mastery,0.3,0.4236,toward correct
30,vector algebra,mathematics,2,0,0.2984,0.0012,avg_time_this_student,30.0,-0.208,toward incorrect,topic_grouped_quadratic equations,False,-0.1958,toward incorrect,time_taken_seconds,30,-0.1533,toward incorrect
30,vector algebra,mathematics,3,0,0.1845,0.0012,current_mastery,0.2328767123287671,-0.5039,toward incorrect,avg_time_this_student,30.0,-0.2595,toward incorrect,time_taken_seconds,30,-0.2118,toward incorrect
30,vector algebra,mathematics,4,0,0.1669,0.0012,current_mastery,0.2311212814645309,-0.4653,toward incorrect,time_taken_seconds,30,-0.2761,toward incorrect,avg_time_this_student,30.0,-0.2595,toward incorrect
30,vector algebra,mathematics,5,0,0.1669,0.0012,current_mastery,0.230827928271652,-0.4739,toward incorrect,avg_time_this_student,30.0,-0.2595,toward incorrect,time_taken_seconds,30,-0.2494,toward incorrect
30,vector algebra,mathematics,6,1,0.4791,0.0012,current_mastery,0.230779014308426,0.7781,toward correct,time_taken_seconds,30,-0.199,toward incorrect,topic_grouped_quadratic equations,False,-0.1958,toward incorrect
30,vector algebra,mathematics,7,0,0.2447,0.0012,recent_accuracy,0.2,-0.4217,toward incorrect,current_mastery,0.6153956216912291,-0.4048,toward incorrect,time_taken_seconds,30,-0.1969,toward incorrect
30,vector algebra,mathematics,8,1,0.5151,0.0012,current_mastery,0.340664731613589,0.7328,toward correct,topic_grouped_quadratic equations,False,-0.1958,toward incorrect,time_taken_seconds,30,-0.161,toward incorrect
30,quadratic equations,mathematics,9,1,0.7454,0.0012,topic_grouped_quadratic equations,True,0.6986,toward correct,current_mastery,0.3,0.6733,toward correct,recent_accuracy,0.4,-0.1319,toward incorrect
30,quadratic equations,mathematics,10,0,0.7009,0.0012,topic_grouped_quadratic equations,True,0.6986,toward correct,current_mastery,0.6853932584269663,-0.2268,toward incorrect,difficulty,0.4,0.1571,toward correct
30,quadratic equations,mathematics,11,1,0.7527,0.0012,topic_grouped_quadratic equations,True,0.7123,toward correct,difficulty,0.6,0.2522,toward correct,recent_accuracy,0.6,0.1435,toward correct
30,quadratic equations,mathematics,12,0,0.3046,0.0012,difficulty,0.9,-1.0992,toward incorrect,topic_grouped_quadratic equations,True,0.4614,toward correct,current_mastery,0.7505567928730512,-0.342,toward incorrect
30,quadratic equations,mathematics,13,1,0.7527,0.0012,topic_grouped_quadratic equations,True,0.7123,toward correct,difficulty,0.6,0.2522,toward correct,recent_accuracy,0.6,0.1435,toward correct
30,quadratic equations,mathematics,14,1,0.6648,0.0012,topic_grouped_quadratic equations,True,0.7123,toward correct,current_mastery,0.7840963855421687,-0.335,toward incorrect,recent_accuracy,0.6,0.174,toward correct
30,quadratic equations,mathematics,15,0,0.7111,0.0012,topic_grouped_quadratic equations,True,0.684,toward correct,recent_accuracy,0.6,0.1749,toward correct,avg_time_this_student,30.0,0.1474,toward correct
30,quadratic equations,mathematics,16,1,0.7098,0.0012,topic_grouped_quadratic equations,True,0.7123,toward correct,current_mastery,0.7509612266641961,-0.1889,toward incorrect,recent_accuracy,0.6,0.174,toward correct
30,quadratic equations,mathematics,17,0,0.7198,0.0012,topic_grouped_quadratic equations,True,0.684,toward correct,recent_accuracy,0.6,0.1749,toward correct,avg_time_this_student,30.0,0.1474,toward correct
30,quadratic equations,mathematics,18,1,0.7438,0.0012,topic_grouped_quadratic equations,True,0.7123,toward correct,attempt_number,18,0.2443,toward correct,current_mastery,0.7185671844939733,-0.1889,toward incorrect
30,quadratic equations,mathematics,19,1,0.7693,0.0012,topic_grouped_quadratic equations,True,0.684,toward correct,attempt_number,19,0.3333,toward correct,recent_accuracy,0.6,0.1749,toward correct
30,trigonometry,mathematics,20,0,0.5731,0.0012,current_mastery,0.3,0.5376,toward correct,attempt_number,20,0.2535,toward correct,topic_grouped_quadratic equations,False,-0.1988,toward incorrect
30,trigonometry,mathematics,21,0,0.3277,0.0012,topic_grouped_quadratic equations,False,-0.1988,toward incorrect,avg_time_this_student,30.0,-0.1578,toward incorrect,current_mastery,0.2432432432432432,-0.1561,toward incorrect
30,trigonometry,mathematics,22,0,0.1726,0.0012,current_mastery,0.2328767123287671,-0.6303,toward incorrect,avg_time_this_student,30.0,-0.2102,toward incorrect,topic_grouped_quadratic equations,False,-0.1988,toward incorrect
30,trigonometry,mathematics,23,0,0.1102,0.0012,attempt_number,23,-0.6401,toward incorrect,current_mastery,0.2311212814645309,-0.3725,toward incorrect,time_taken_seconds,30,-0.2389,toward incorrect
30,trigonometry,mathematics,24,0,0.1035,0.0012,attempt_number,24,-0.6913,toward incorrect,current_mastery,0.230827928271652,-0.3812,toward incorrect,avg_time_this_student,30.0,-0.2312,toward incorrect
30,trigonometry,mathematics,25,0,0.3623,0.0012,current_mastery,0.230779014308426,0.9208,toward correct,attempt_number,25,-0.7242,toward incorrect,topic_grouped_quadratic equations,False,-0.1988,toward incorrect
30,trigonometry,mathematics,26,0,0.1681,0.0012,attempt_number,26,-0.7242,toward incorrect,topic_grouped_quadratic equations,False,-0.1988,toward incorrect,time_taken_seconds,30,-0.1532,toward incorrect
30,trigonometry,mathematics,27,1,0.1952,0.0012,attempt_number,27,-0.6345,toward incorrect,topic_grouped_quadratic equations,False,-0.1988,toward incorrect,time_taken_seconds,30,-0.1532,toward incorrect
30,trigonometry,mathematics,28,0,0.0749,0.0012,attempt_number,28,-0.8986,toward incorrect,current_mastery,0.6153849211238608,-0.7135,toward incorrect,recent_accuracy,0.2,-0.4328,toward incorrect
30,trigonometry,mathematics,29,0,0.3963,0.0012,current_mastery,0.3406594904092601,0.8698,toward correct,attempt_number,29,-0.5908,toward incorrect,topic_grouped_quadratic equations,False,-0.1988,toward incorrect
30,trigonometry,mathematics,30,1,0.1969,0.0012,attempt_number,30,-0.5986,toward incorrect,recent_accuracy,0.2,-0.1999,toward incorrect,topic_grouped_quadratic equations,False,-0.1988,toward incorrect
30,trigonometry,mathematics,31,0,0.0689,0.0012,current_mastery,0.6380090836272598,-0.8992,toward incorrect,attempt_number,31,-0.8719,toward incorrect,recent_accuracy,0.4,-0.4205,toward incorrect
30,trigonometry,mathematics,32,1,0.4419,0.0012,current_mastery,0.3522267387154803,0.7043,toward correct,attempt_number,32,-0.4888,toward incorrect,topic_grouped_quadratic equations,False,-0.1988,toward incorrect
30,trigonometry,mathematics,33,0,0.07,0.0012,current_mastery,0.7295012821403161,-0.9425,toward incorrect,attempt_number,33,-0.9006,toward incorrect,recent_accuracy,0.4,-0.4082,toward incorrect
30,trigonometry,mathematics,34,0,0.0906,0.0012,attempt_number,34,-0.8856,toward incorrect,current_mastery,0.4115844426859024,-0.6299,toward incorrect,recent_accuracy,0.4,-0.4011,toward incorrect
30,trigonometry,mathematics,35,0,0.3927,0.0012,current_mastery,0.2682462075444095,0.7416,toward correct,attempt_number,35,-0.5958,toward incorrect,avg_time_this_student,30.0,-0.3244,toward incorrect
30,trigonometry,mathematics,36,0,0.098,0.0012,attempt_number,36,-0.7052,toward incorrect,current_mastery,0.2372797197984141,-0.5188,toward incorrect,avg_time_this_student,30.0,-0.5006,toward incorrect
30,trigonometry,mathematics,37,0,0.0437,0.0012,attempt_number,37,-0.7052,toward incorrect,difficulty,0.9,-0.6987,toward incorrect,avg_time_this_student,30.0,-0.5366,toward incorrect
30,trigonometry,mathematics,38,0,0.1223,0.0012,attempt_number,38,-0.6969,toward incorrect,avg_time_this_student,30.0,-0.5019,toward incorrect,current_mastery,0.2309515781383707,-0.3237,toward incorrect
30,trigonometry,mathematics,39,1,0.6339,0.0012,current_mastery,0.2307996280021808,1.1681,toward correct,avg_time_this_student,30.0,-0.3386,toward incorrect,difficulty,0.6,0.2209,toward correct
30,trigonometry,mathematics,40,0,0.082,0.0012,current_mastery,0.6154188105825952,-1.0692,toward incorrect,attempt_number,40,-0.5434,toward incorrect,recent_accuracy,0.2,-0.4665,toward incorrect
30,trigonometry,mathematics,41,1,0.7603,0.0012,current_mastery,0.3406760903914368,0.9222,toward correct,attempt_number,41,0.716,toward correct,difficulty,0.6,0.3035,toward correct
30,trigonometry,mathematics,42,0,0.094,0.0012,current_mastery,0.7202932858651547,-1.4325,toward incorrect,recent_accuracy,0.4,-0.4297,toward incorrect,topic_grouped_quadratic equations,False,-0.1988,toward incorrect
30,trigonometry,mathematics,43,0,0.147,0.0012,current_mastery,0.404476749860031,-1.0737,toward incorrect,recent_accuracy,0.4,-0.4226,toward incorrect,difficulty,0.6,0.3243,toward correct
30,trigonometry,mathematics,44,1,0.7526,0.0012,current_mastery,0.2664315270467711,0.8527,toward correct,attempt_number,44,0.7756,toward correct,avg_time_this_student,30.0,-0.3148,toward incorrect
30,trigonometry,mathematics,45,0,0.09,0.0012,current_mastery,0.6533070470804577,-1.3624,toward incorrect,recent_accuracy,0.4,-0.4492,toward incorrect,attempt_number,45,-0.2138,toward incorrect
30,complex numbers,mathematics,46,0,0.593,0.0012,current_mastery,0.3,0.7554,toward correct,attempt_number,46,0.3422,toward correct,topic_grouped_quadratic equations,False,-0.1988,toward incorrect
30,complex numbers,mathematics,47,0,0.4088,0.0012,attempt_number,47,0.4089,toward correct,topic_grouped_quadratic equations,False,-0.1988,toward incorrect,recent_accuracy,0.2,-0.1863,toward incorrect
30,complex numbers,mathematics,48,0,0.2285,0.0012,current_mastery,0.2328767123287671,-0.4837,toward incorrect,attempt_number,48,0.334,toward correct,avg_time_this_student,30.0,-0.2248,toward incorrect
30,complex numbers,mathematics,49,0,0.3069,0.0012,attempt_number,49,0.4783,toward correct,avg_time_this_student,30.0,-0.2248,toward incorrect,current_mastery,0.2311212814645309,-0.2051,toward incorrect
30,complex numbers,mathematics,50,1,0.5451,0.0012,attempt_number,50,1.013,toward correct,avg_time_this_student,30.0,-0.2278,toward incorrect,topic_grouped_quadratic equations,False,-0.1988,toward incorrect
30,complex numbers,mathematics,51,0,0.1002,0.0012,current_mastery,0.6154506437768241,-1.3117,toward incorrect,recent_accuracy,0.2,-0.4456,toward incorrect,topic_grouped_quadratic equations,False,-0.1988,toward incorrect
30,complex numbers,mathematics,52,0,0.6724,0.0012,current_mastery,0.340691685062546,0.7697,toward correct,attempt_number,52,0.6721,toward correct,topic_grouped_quadratic equations,False,-0.1988,toward incorrect
30,complex numbers,mathematics,53,1,0.6866,0.0012,current_mastery,0.2515661979674231,0.7415,toward correct,attempt_number,53,0.7353,toward correct,topic_grouped_quadratic equations,False,-0.1988,toward incorrect
30,complex numbers,mathematics,54,0,0.0771,0.0012,current_mastery,0.638016361983638,-1.3117,toward incorrect,recent_accuracy,0.4,-0.4421,toward incorrect,attempt_number,54,-0.312,toward incorrect
30,sequence and series,mathematics,55,0,0.5627,0.0012,current_mastery,0.3,0.7339,toward correct,attempt_number,55,0.3719,toward correct,avg_time_this_student,30.0,-0.3153,toward incorrect
30,sequence and series,mathematics,56,0,0.3644,0.0012,avg_time_this_student,30.0,-0.4401,toward incorrect,attempt_number,56,0.4386,toward correct,topic_grouped_quadratic equations,False,-0.1988,toward incorrect
30,sequence and series,mathematics,57,0,0.1971,0.0012,current_mastery,0.2328767123287671,-0.5337,toward incorrect,avg_time_this_student,30.0,-0.4916,toward incorrect,attempt_number,57,0.3637,toward correct
30,sequence and series,mathematics,58,0,0.2685,0.0012,attempt_number,58,0.508,toward correct,avg_time_this_student,30.0,-0.4916,toward incorrect,current_mastery,0.2311212814645309,-0.2552,toward incorrect
30,sequence and series,mathematics,59,0,0.4114,0.0012,attempt_number,59,0.7164,toward correct,avg_time_this_student,30.0,-0.4929,toward incorrect,topic_grouped_quadratic equations,False,-0.1988,toward incorrect
30,sequence and series,mathematics,60,1,0.7799,0.0012,current_mastery,0.230779014308426,1.349,toward correct,attempt_number,60,0.7665,toward correct,avg_time_this_student,30.0,-0.3295,toward incorrect
31,units and dimensions,physics,1,1,0.4031,0.0012,avg_time_this_student,,-0.8012,toward incorrect,current_mastery,0.3,0.4366,toward correct,difficulty,0.5,0.3175,toward correct
31,quadratic equations,mathematics,2,1,0.8746,0.0012,topic_grouped_quadratic equations,True,0.7767,toward correct,current_mastery,0.3,0.73,toward correct,recent_accuracy,1.0,0.6942,toward correct
31,quadratic equations,math,3,1,0.8576,0.0012,recent_accuracy,1.0,0.8371,toward correct,topic_grouped_quadratic equations,True,0.7777,toward correct,difficulty,0.4,0.1602,toward correct
31,quadratic equations,mathematics,4,0,0.2178,0.0012,difficulty,0.9,-1.1542,toward incorrect,current_mastery,0.9095315024232634,-0.8272,toward incorrect,topic_grouped_quadratic equations,True,0.4975,toward correct
32,differential equations,mathematics,1,0,0.4031,0.0012,avg_time_this_student,,-0.8012,toward incorrect,current_mastery,0.3,0.4366,toward correct,difficulty,0.5,0.3175,toward correct
32,differential equations,mathematics,2,0,0.2485,0.0012,avg_time_this_student,30.0,-0.4685,toward incorrect,topic_grouped_quadratic equations,False,-0.1958,toward incorrect,time_taken_seconds,30,-0.1533,toward incorrect
32,differential equations,mathematics,3,0,0.1495,0.0012,current_mastery,0.2328767123287671,-0.5452,toward incorrect,avg_time_this_student,30.0,-0.52,toward incorrect,time_taken_seconds,30,-0.2117,toward incorrect
32,differential equations,mathematics,4,0,0.1347,0.0012,avg_time_this_student,30.0,-0.52,toward incorrect,current_mastery,0.2311212814645309,-0.5066,toward incorrect,time_taken_seconds,30,-0.2761,toward incorrect
32,differential equations,mathematics,5,0,0.1347,0.0012,avg_time_this_student,30.0,-0.52,toward incorrect,current_mastery,0.230827928271652,-0.5153,toward incorrect,time_taken_seconds,30,-0.2494,toward incorrect
32,differential equations,mathematics,6,0,0.4169,0.0012,current_mastery,0.230779014308426,0.7368,toward correct,avg_time_this_student,30.0,-0.3452,toward incorrect,time_taken_seconds,30,-0.1989,toward incorrect
32,differential equations,mathematics,7,0,0.2027,0.0012,avg_time_this_student,30.0,-0.3521,toward incorrect,current_mastery,0.2307708613763792,-0.2902,toward incorrect,topic_grouped_quadratic equations,False,-0.1958,toward incorrect
32,differential equations,mathematics,8,0,0.2027,0.0012,avg_time_this_student,30.0,-0.3521,toward incorrect,current_mastery,0.2307695025375689,-0.2902,toward incorrect,topic_grouped_quadratic equations,False,-0.1958,toward incorrect
32,differential equations,mathematics,9,0,0.213,0.0012,avg_time_this_student,30.0,-0.3365,toward incorrect,current_mastery,0.2307692760639671,-0.2779,toward incorrect,topic_grouped_quadratic equations,False,-0.1958,toward incorrect
32,quadratic equations,mathematics,10,0,0.7454,0.0012,topic_grouped_quadratic equations,True,0.6986,toward correct,current_mastery,0.3,0.6485,toward correct,recent_accuracy,0.0,-0.1049,toward incorrect
32,trigonometry,mathematics,11,0,0.4978,0.0012,current_mastery,0.3,0.6466,toward correct,topic_grouped_quadratic equations,False,-0.1988,toward incorrect,time_taken_seconds,30,-0.1248,toward incorrect
32,calculus,mathematics,12,0,0.4978,0.0012,current_mastery,0.3,0.6379,toward correct,topic_grouped_quadratic equations,False,-0.1988,toward incorrect,time_taken_seconds,30,-0.1248,toward incorrect
32,atoms and nuclei,physics,13,0,0.4978,0.0012,current_mastery,0.3,0.6379,toward correct,topic_grouped_quadratic equations,False,-0.1988,toward incorrect,time_taken_seconds,30,-0.1248,toward incorrect
32,probability,mathematics,14,1,0.4978,0.0012,current_mastery,0.3,0.6461,toward correct,topic_grouped_quadratic equations,False,-0.1988,toward incorrect,time_taken_seconds,30,-0.1248,toward incorrect
32,atoms and nuclei,physics,15,0,0.2899,0.0012,topic_grouped_quadratic equations,False,-0.1988,toward incorrect,recent_accuracy,0.2,-0.1904,toward incorrect,avg_time_this_student,30.0,-0.157,toward incorrect
32,atoms and nuclei,physics,16,0,0.1543,0.0012,current_mastery,0.2328767123287671,-0.639,toward incorrect,avg_time_this_student,30.0,-0.2084,toward incorrect,topic_grouped_quadratic equations,False,-0.1988,toward incorrect
32,thermodynamics,physics,17,1,0.5084,0.0012,current_mastery,0.3,0.6709,toward correct,topic_grouped_quadratic equations,False,-0.1988,toward incorrect,recent_accuracy,0.2,-0.1304,toward incorrect
32,modern physics,physics,18,0,0.5512,0.0012,current_mastery,0.3,0.6709,toward correct,topic_grouped_quadratic equations,False,-0.1988,toward incorrect,attempt_number,18,0.1622,toward correct
32,equilibrium,chemistry,19,1,0.5731,0.0012,current_mastery,0.3,0.6709,toward correct,attempt_number,19,0.2511,toward correct,topic_grouped_quadratic equations,False,-0.1988,toward incorrect
32,hydrogen,chemistry,20,0,0.5731,0.0012,current_mastery,0.3,0.6709,toward correct,attempt_number,20,0.2511,toward correct,topic_grouped_quadratic equations,False,-0.1988,toward incorrect
32,organic chemistry,chemistry,21,0,0.5419,0.0012,current_mastery,0.3,0.6709,toward correct,topic_grouped_quadratic equations,False,-0.1988,toward incorrect,attempt_number,21,0.1313,toward correct
34,application of derivatives,mathematics,1,0,0.0807,0.0012,avg_time_this_student,,-1.5557,toward incorrect,difficulty,0.3,-0.8316,toward incorrect,current_mastery,0.3,0.4236,toward correct
34,application of derivatives,mathematics,2,0,0.2984,0.0012,avg_time_this_student,30.0,-0.208,toward incorrect,topic_grouped_quadratic equations,False,-0.1958,toward incorrect,time_taken_seconds,30,-0.1533,toward incorrect
34,application of derivatives,mathematics,3,0,0.1845,0.0012,current_mastery,0.2328767123287671,-0.5039,toward incorrect,avg_time_this_student,30.0,-0.2595,toward incorrect,time_taken_seconds,30,-0.2118,toward incorrect
35,ecosystem,biology,1,1,0.9438,0.0012,topic_grouped_ecosystem,True,2.7651,toward correct,avg_time_this_student,,-0.5876,toward incorrect,current_mastery,0.3,0.3912,toward correct
35,ecosystem,biology,2,1,0.9723,0.0012,topic_grouped_ecosystem,True,2.764,toward correct,recent_accuracy,1.0,0.7026,toward correct,current_mastery,0.6853932584269663,0.1422,toward correct
35,ecosystem,biology,3,1,0.9373,0.0012,topic_grouped_ecosystem,True,2.9779,toward correct,current_mastery,0.9095315024232634,-0.4682,toward incorrect,recent_accuracy,1.0,0.2831,toward correct
35,ecosystem,biology,4,1,0.9421,0.0012,topic_grouped_ecosystem,True,2.8332,toward correct,recent_accuracy,1.0,0.2831,toward correct,current_mastery,0.978490493566353,-0.2568,toward incorrect
35,ecosystem,biology,5,1,0.9421,0.0012,topic_grouped_ecosystem,True,2.8332,toward correct,recent_accuracy,1.0,0.2831,toward correct,current_mastery,0.9951446840793324,-0.2568,toward incorrect
35,ecosystem,biology,6,1,0.9465,0.0012,topic_grouped_ecosystem,True,2.8332,toward correct,recent_accuracy,1.0,0.2831,toward correct,current_mastery,0.998917244096201,-0.2568,toward incorrect
35,ecosystem,biology,7,1,0.9465,0.0012,topic_grouped_ecosystem,True,2.8332,toward correct,recent_accuracy,1.0,0.2831,toward correct,current_mastery,0.9997591992730828,-0.2603,toward incorrect
35,ecosystem,biology,8,1,0.9465,0.0012,topic_grouped_ecosystem,True,2.8332,toward correct,recent_accuracy,1.0,0.2831,toward correct,current_mastery,0.9999464794195,-0.2603,toward incorrect
35,ecosystem,biology,9,0,0.9496,0.0012,topic_grouped_ecosystem,True,2.8332,toward correct,recent_accuracy,1.0,0.2951,toward correct,current_mastery,0.999988106077922,-0.2639,toward incorrect
35,ecosystem,biology,10,1,0.8979,0.0012,topic_grouped_ecosystem,True,2.8459,toward correct,recent_accuracy,0.8,-0.6953,toward incorrect,topic_grouped_quadratic equations,False,-0.124,toward incorrect
